-93.76573175165481,-8.498628187860206,-60.74439975153085,10.528001966052287,93.72801901658761,-78.64315547732991,97.06819970756612,87.26846770579988,-79.8237672402303,97.8569074087132,29.917561991169407,65.07932071050246,-57.67252117856341,-17.869953704265,54.2124909031765,-7.326237781308009,78.83316351583923,-90.37336710390535,-6.650933588892244,57.46655493530878,-55.61281513733674,-29.98853653667615,-23.505809135409933,16.6074856522888,-20.580350132523378,88.56227683167558,79.59579139902638,-53.32142728062961,45.221710970849784,-7.447059141013796,5.846982043399976,-54.79074831366857,98.19174607226464,64.9390720574074,-39.769747615404285,-91.82872718906434,0.021212483573251006,49.92273935782481,22.498517449515305,-0.049338125703670244,-62.202381681571104,-50.06675063477317,-88.24309725825046,-34.64907148775566,85.87495409171333,-1.7921151440634304,-66.62033956582103,-89.02930423454916,-12.428872807719955,0.0033168793160029963
-76.36831494945244,17.390149967767627,26.460325332064684,30.56138966289444,25.64882015326488,-38.39015746450964,7.82607109707692,53.462913056660796,35.03991983568716,88.62091039469416,30.388731512512038,23.721412772755997,51.75425657144618,-64.87733138169078,-29.93736819476696,82.20055151726041,-1.145694792939068,-21.263799870425743,-40.35948518432679,-98.38781338068921,-72.91697904299714,20.637406518990403,-8.846058052585164,6.146219971513517,94.21256337147025,90.94212966983554,-43.23312274057156,18.36386022127992,-5.5993211616144976,97.30903785555955,-74.04365731977116,54.446567491351686,43.35633591885042,91.63001847036125,-22.946845867904102,-77.30129650300267,-40.58028972209924,-23.35358848208749,22.96418695396237,-97.91467940296211,-11.927444572530902,0.7115975396595076,-61.08650568897269,-73.83287619559454,85.38026599511986,-6.016991888303465,57.25633597426918,88.32058261110419,31.76240201523663,75.88780296607419
-68.96220845635293,85.28414901249195,-36.514744786965636,56.55046411873903,98.25479990267988,-8.657849703679148,39.86937579262397,-86.51580427789077,78.10000524329354,-60.34619851842535,1.0717984764637976,-82.86769068521318,-52.463015112727575,54.38730636021387,85.23672974524948,38.9507324158769,10.79542045808708,48.584745714894325,26.732775935858584,-25.623661030678235,-11.104583491328967,-9.012447779976029,38.21430268283109,12.984724308842104,41.19466264082544,-86.33958222671522,40.22776511209341,-56.252194605823355,-6.230674141588594,-94.67200970695342,-43.39126579658106,-11.167572684529432,59.71727066549036,-34.94447992835825,29.145410762129927,-23.803978972520355,29.85580441898631,-26.043350106941674,-91.26185783649763,16.854218695500563,59.26691945768496,-6.798271154734039,-94.15662356106236,42.2433442113377,66.54503342360093,-43.722619031467346,27.946792621588017,41.886583638119276,25.892393867856157,-56.872257025067
-55.01393396165888,59.52730837462954,-41.68826998431028,34.31835775732927,17.55828762056524,96.36002385637153,79.74745623805265,-57.15122392336964,60.413011346297765,-93.59724500673856,-4.387134456424917,12.223643817592333,-20.264740445189105,-22.34645230387858,7.118786109309696,-35.53968252876294,-31.44643445027377,-73.23648122368891,-46.18068863987504,-31.423555193484503,48.273855840773734,35.399158710263265,4.840649366274903,17.397532096938278,33.708638441830715,-32.7590066947691,-92.22980249534626,-10.519451634044401,-72.87154360165488,-92.1899712365128,-60.40026338266215,32.45153857449921,92.44060462453078,70.35076429954839,-40.87437203344466,65.0666696736084,6.179893432009692,-25.03135962647511,33.13396625289863,-20.93861665253904,-92.71799218935548,76.00691120957961,74.27801702072784,-96.58016504229157,51.74758858626694,-0.599719248409798,-56.50109318136294,-14.778184094252893,1.5696514306747105,-33.39572401833976
69.13640317446055,-41.48645854003989,-14.059501262448919,-63.72103659715462,87.86000414179608,-40.80789838466641,-42.298046149006026,-23.975590067232844,-43.785535288693,-81.19257981244543,-35.238126976861864,-89.9064691984104,-78.21099049672924,21.125485227798066,-11.02895172007463,-85.13943984726939,35.96616005459546,49.83674546093775,64.30861137550463,7.631214288521207,87.60381260378338,-0.7131542988228858,-2.2784014058953233,80.26360041490574,-56.637256742728994,91.36115866319253,61.80197350320731,56.61722662989476,-38.08787740142681,21.432444427006075,68.2793505509473,-27.16557938119884,51.8737553254839,92.53591666174546,90.33370109389992,-15.927478153760788,-55.13964544602572,-90.32496220722032,0.7127870790723847,98.5433591797302,-77.32093955506862,-16.861122959496512,76.40974557008477,14.518019658591115,-65.72225982636483,-30.76744630829789,-79.71510840728932,-94.8252725559355,-23.382420209476322,79.40466930772084
65.7315471455735,-30.92098503621689,-66.88194028471217,65.58239358237577,9.463706922984969,40.18177379513415,62.99631465352712,6.726188330009393,41.08596945099157,73.34015549851222,51.34691655056821,-65.48073706563204,-78.63162937121581,56.66888771915933,-72.80132956724228,16.933177621258608,-93.96814845644406,-81.79378445431888,61.42117526300345,-83.33636418173131,-76.59792731469868,11.48160430600771,74.76880660494999,-80.19800606827809,-57.118578549318414,-5.01789471574736,-53.238764428239804,-17.54539822759665,5.245518653109755,-64.8601480997544,14.060221912483371,48.59679821559999,46.86332936738944,24.7910747998052,-38.323605779598836,69.41426902907534,69.802716018508,11.882965183693628,88.03289966406166,44.491315468714845,47.10650896460595,85.57593386480843,89.63650085307972,-81.86954573045462,11.39040482580063,38.35765923975953,52.02706815525352,52.43422973439789,-24.1563688552165,-89.16360193023188
-27.71834498203944,98.59226776285797,17.288581318779194,-43.25857212196587,-84.4126761231775,14.784391046303043,26.69947725681439,-83.95337043875502,-76.33027354396819,-63.59204898890758,36.46996948003303,-63.1262066955155,2.0284080559739266,40.911687234235245,89.95596699448771,67.36460231175019,32.756426394173076,-77.12005500447589,-49.57501634471344,-38.98752641605117,-35.607416845710176,71.87560166786318,-74.98430219982255,-1.6086423600744268,6.392198929326213,-13.767700177864967,47.25144194702145,-90.37283156187179,72.86248512914912,82.99151423947833,-97.17677931228283,44.007092976022136,83.01641552121774,12.490697748136427,8.360303967214278,91.25568352047503,-37.13579135733431,9.105898874380074,-98.66501086366945,-97.96571816114654,25.356240505691403,17.01105717235727,20.56220836671004,-70.25483845347932,-15.039117383917528,10.807697460922029,-36.66376145499841,77.00950460049052,13.024607628839235,60.20442942843337
-42.55572049860945,-86.16693122479799,-25.48066253018675,-59.822846311626265,-65.43463459924294,-55.69752969406139,-92.13358701855425,63.085099864340464,-32.65081368779303,31.86240211668229,-46.4701977494588,-39.934553597096546,-42.52396587688179,-16.015557282653646,-18.369497676990363,-27.670564915244938,-19.753204319574706,-16.75146113318877,16.664780469367102,-79.66615606950126,90.74774693611428,48.24994494310616,5.483843464187331,-3.268614185420276,-9.667250590711092,10.190848316247525,-7.881724287014151,-97.41943230741386,78.2178817147128,-94.36583487011949,65.14628258101277,7.59335827667347,65.4307237392697,45.41342750048139,-56.182609832920626,-91.6198894707633,-92.37487000711606,44.58090386674601,60.84010731853385,-45.38019785345777,73.31549861204826,13.757637807113028,-9.9825076105802,-64.57010946535588,-75.16694557240547,-74.96798733396008,-48.43980663519074,75.88281622144785,93.24463530016413,-86.10473801742285
-42.02055543358245,27.341876730883,56.39535146346748,-72.10804672091649,-33.60234373453763,-88.84223164532969,49.860794199506415,30.331825269646004,-78.32779404158923,-24.451887871433755,88.4633982364713,71.57480605106221,-58.42215028170885,-50.369081797077754,-81.17057308173247,-56.809892407721094,89.3845278587813,-81.6801496522907,55.901882482996,94.20824040049419,78.660479341452,-92.0808566946169,-48.63983434733492,-10.288060374164147,30.554431483170333,-61.49169148109821,50.23258375389537,76.84857408975401,-33.21827125948846,-79.27932843287579,94.69090545437032,-39.40317025430684,1.382724128935095,-37.127116821171604,-84.34479086359323,99.75164343695516,73.85671246524345,98.84385424609818,63.31137684489647,-45.815987434141945,0.2200938190794659,83.34681348902257,30.841047488523316,83.53340347285246,-3.839814907686147,-13.255437328881087,40.4519391866024,5.614913043080577,28.897574179644977,89.21053436111092
-37.945230280204086,-71.3668449421823,-46.844029140455575,-23.220525507937012,-16.456043633740208,-24.60926467812135,-70.83572299699381,-20.848559799765255,63.64761259360219,-14.7328846922302,23.98421962679255,-93.5622378004761,71.02997037333265,8.351244111631729,67.7183452517877,32.719792657352286,-54.923865121564376,55.738232300194284,-5.867943232321096,-71.39977550362053,8.812232583280007,19.633224955166057,-37.67448263062945,-76.40644129935761,-84.73732323799443,-4.287045964597908,31.36972437167583,94.49495258615053,-63.297639333991704,75.96904275839307,-44.05791907592334,58.893558297491666,78.09596520207094,-97.09059540742213,36.26243312624817,14.275459914014249,-22.01870241353852,5.222538909889892,47.236293089241286,26.04702477975455,81.55940915778447,-25.26438233004123,18.55824003348377,-41.50962401680505,-43.34495741050339,42.975624467063,-93.30414319540586,88.35271224591895,-53.40412361093145,-6.143521384159939
63.342941959923564,12.08849769180911,-80.0829001143585,10.641282683868724,-81.29914522336956,55.57608498726793,-84.74728250521488,-28.36103301099513,3.6240739650183826,84.77054643086359,-61.77462618061789,0.8080378548053915,-46.918503889002224,-54.93151828675011,51.09918535071745,4.678451473091201,24.962529311119837,-94.71009173817029,-30.34670295325266,62.28433210393786,88.67479690681407,87.5798101844006,40.34805283237293,29.486663960558047,-88.03541639855806,-72.16143212529525,52.30355625412278,88.13572949727686,-72.19204393098042,-8.348829757197734,67.91920338770154,-72.31056203163197,92.18808726431368,63.10148065715049,-99.67564039354899,-76.19692640738344,96.51652402063334,34.73501138725254,26.02126337122239,25.53388865768153,84.56318116428292,41.447466373553596,-61.459634047016905,-77.65184535999259,4.077168196785678,61.42379502779278,21.55322889560965,75.26491780621814,-83.79708458239479,-7.31011275264359
-76.84894160609366,-28.534432904882266,9.317577100328833,76.0960787467632,-62.07294714002198,-88.45455517360428,28.846725139618144,39.45922022693392,61.50164364895949,0.47517362653076134,-15.111032039929185,-32.781055215181595,33.7712774205595,97.48376371549045,-55.50031707621235,46.325606487713856,-14.87198623997439,-10.576587509506098,86.65946178344893,-81.32733023395761,-12.948725386215415,-73.95053742054412,-42.40159427067698,-96.5567132623421,-84.7981936020243,-10.10276963718934,-66.16643878965245,90.6598689222119,-46.16003986850428,-76.33824117247818,-45.13995310418395,79.6015695888722,35.26527334044948,-7.453211209938672,-83.38565721293725,-59.520508951300414,53.36279784159922,-4.1456921048578295,-88.26423153136544,52.54116540816824,-2.841093573766031,57.79976133856499,98.52441315129369,-84.39274621951111,-55.23048085504938,-25.323418862445422,-80.26543315869898,-19.985378602498557,37.50390128607759,11.819400567317984
51.28805692773247,24.742326145947175,50.37087429975466,-37.93387545489539,-41.098992299060754,45.83606979359624,20.25276330077523,49.48425867106221,55.74663759266258,-92.6876864805805,21.092361541684895,1.1113617021550226,-43.94198721242619,-59.64577190773803,-6.122749416516669,39.42823743763802,86.09878847227378,49.1063830324388,89.68174868684147,31.515552353409475,92.13100260458233,21.698053308845687,55.30797602625256,-39.636177580167285,71.78151626637737,7.993273189221,61.70489393308617,-26.14514113108781,-54.559113461165886,-31.330703301340506,33.88600493519968,22.678490982626883,44.484398452728584,-84.0039356993062,47.85289985808336,-78.56909531307636,-3.043820340880089,18.05386097638997,3.8039696095786013,-36.5206123365031,94.37692864412185,35.10061261041869,-49.09762340095383,79.26405414741225,81.04319488434228,62.32251384555238,5.103627731945508,-92.55442013943347,22.840460609586202,-42.60300665747161
14.78048672477368,88.11120736731237,-24.822823239638666,19.415313592501036,-3.4255006479066594,-30.7630704063333,21.196126029517572,-50.21213256802286,-80.29957996825219,-74.39479743068762,69.78799252440112,-49.09015781778328,-79.5081859503047,-33.29685688134249,-55.987178161241346,99.7755796021946,-80.32528262939438,-10.472679179266379,44.795923057485794,62.714687691002496,-68.44965858116261,-31.957734848432494,13.137933209100112,83.0046350622749,-11.909415127204696,9.170760409928462,38.60644445698264,-70.8818749434862,-37.60216787256632,-16.05030226417557,29.518204969597576,70.17894694795461,-55.43639820046553,21.74776489964809,16.17115000557483,-69.76371014593725,16.40945297234981,-95.5886772056773,-15.888204713335298,54.98249899445179,-16.481048950025553,84.8273211588357,-94.83876087551624,20.0518926945185,-61.96014498537779,-10.884976272177866,90.09365206164685,-71.08913361411311,25.707445765856903,75.1592791312616
57.21145932865596,50.73689604374607,-30.084408089934556,45.70057902134536,54.0239125272694,-73.54306092499615,8.760924930794673,23.42858405378827,-53.08766547011701,81.24885227427475,73.70447798941797,-68.89601275841497,71.1802074192122,93.55585011921846,33.19553106294785,17.381925444648445,-64.2982616192107,60.01332255300892,56.732764380286085,-28.618806574998757,93.16248719578209,-32.601673148575145,-28.613007851879658,93.9939103788654,27.37895210623884,-27.20738524148716,-12.987680567325242,76.60213185122603,68.9499860785831,53.39519218148163,-34.162196862558986,-2.705368252138541,34.88404505040069,16.531076589064654,-68.84509264172314,78.4673997111546,-43.74457939704013,-81.87802434562306,-64.15267557226144,40.50004265186706,92.1691697990978,66.78017148128396,79.15649207015804,24.442950763483196,74.06904525607919,-10.445529297817473,42.0247966984183,-19.74896374801429,-67.54978484914278,83.31375963746586
-59.95449687657457,95.75175081314813,-61.87865784641522,19.1618088275888,-62.3639377225045,64.69999599504527,-35.18368100299031,-56.04263950905515,77.36904807857195,-28.185793597971752,-50.195507055886225,-40.65068998940298,9.837521469044091,67.84946193606123,-47.282266821518704,21.24483247511168,74.71903007161458,-40.6299642613801,-28.920425119913446,-61.00047259548251,-26.728472933263276,-93.90672906557556,84.89930784615797,-82.91786163072526,-19.73696726406351,41.109783184004186,-24.944809374956222,-43.4343589649719,-89.05449484865287,-43.66158490695844,30.738301373412156,87.62541493797625,11.27640909164542,-46.29116824935162,28.143839955203873,-96.40798356305149,-91.81750286965327,-65.18981903165364,92.03301176377451,44.39501958181782,-7.102289884849981,28.635100375842967,-98.77915016079496,-19.932780021222356,-1.902909979770513,49.64229990783565,24.58397220546877,-25.601046673087225,-87.67214121853719,75.14182811218944
91.87180677475163,-27.161332606710275,21.987135735031956,-65.96497417987732,20.89942949119039,26.650452280095067,-31.98148003323189,27.991226586902712,43.30092186218414,5.56321352506086,-28.11864909181567,-43.24514626270046,16.216412036945087,26.86362762971497,-30.22615787439895,54.639820457919484,-4.716696388038827,-85.7132818539472,-63.17295676073928,68.86607735868799,75.02602285963752,-85.36965753035317,-74.30750964819282,-90.61838190367735,35.43520380053582,-45.32757115859252,21.250375923824933,-68.32708031190396,-9.474472559758837,13.571900769889496,-60.67969722530946,-6.641415829994131,-18.86280480145706,50.93666097174429,47.33433987645961,-68.55236148814659,-47.155736305783066,48.53705514085459,-23.404242935167503,40.785601621817364,-81.05345386890876,61.37613431387058,86.1685458912464,-56.35305226341285,-50.17539776125326,-80.56074268941632,-52.52217461148789,-69.34277615329528,-22.037723552192872,71.67370989584018
98.95446535751816,69.25203686829153,-21.762366804339095,-87.3872620446598,79.68260480801777,-43.94989132622948,57.64454530522062,46.5079061322038,-90.53104991318452,-96.80728678302233,80.63095619536858,-76.93494289143108,68.5032582700459,79.49653395244178,6.068537547342885,36.79069572601614,-32.29609923237035,-82.59620752220968,-38.430170129766154,9.621396447246184,-23.079018727570613,-33.06480058008259,-92.22209142949582,34.15373420014021,71.10528342308427,18.647925095297467,-85.61017201237271,89.64943350115183,27.243471168112563,34.5726153766274,-88.42552009723923,55.0650878144703,-20.27195214047663,45.43713132276008,5.662703662678098,-4.204186805327723,-38.111720245648016,-76.45695976418598,35.226358648181844,49.38922708056381,-83.84957129345557,-69.8055582701144,7.990012551866442,86.6384831652432,-18.533260315327936,1.083907785443543,-16.233662916029175,-24.463745755360037,-12.99914819503239,33.00779943292798
50.15286363459347,-84.45164937270005,-99.75176313574006,69.12110378746095,-76.92871279467941,28.57801269693465,43.38299405638995,55.99541442714539,-6.704748430816167,-67.05739269537844,27.639694747147246,-96.35120471158625,19.98705194762273,-40.01365426920418,-82.63727686050998,75.40487919164033,95.98557064656717,81.05103781305297,76.22198153901323,-28.86077941385001,-15.881317947366398,-55.02107517987722,69.46074350732175,-65.52122467282896,-55.42072147149988,-67.29129396822063,-70.90212302363452,1.2005280815128714,39.509064339221,42.92430751140401,42.58414416785948,-49.172213951842394,20.395976640404157,73.46813852797831,-25.842284015373778,97.57428861299962,-41.05743107278457,-61.146063294202044,-82.56252910330444,-93.87945560038607,50.013728560360875,90.95179618260693,-29.181239534493457,-67.62646060443993,-88.79316662213196,84.42129990099755,83.5974785896052,-34.968088047141094,-16.277431332921083,-38.99356030678187
75.94408535142182,-1.9972282866249884,-36.108190466870546,-28.00452097680457,62.77428171628091,-91.42295771538724,10.081258724451317,34.71962142744732,99.1166519668891,89.45104727577245,-45.89724864881413,-3.556628413948374,92.8231494989549,72.63663054974336,-18.627212378615,59.383169144731,99.69314013869314,-92.52812191205581,-43.15666724809324,99.8488955729687,43.56681640459627,88.95880335861966,-2.3831892830085337,-29.89099632059306,-29.76817710483421,-25.063084404434477,-24.411363934992664,-20.638990184014162,38.00794567096233,96.07262741745822,-85.59205701616166,24.89733978283948,66.13852041962329,-27.493355404485584,-67.07107270209801,-43.82312990141646,54.210519997363775,92.66561306000753,76.7779548489707,-66.49118190868582,-47.7371444795311,-97.08204092457923,75.97801420668276,-3.7273863121831,36.45281784411932,57.58522053296187,-99.5142728913591,44.33192610043727,41.21195115732925,-17.325142647051564
2.240531259156768,-48.20932124400492,-17.067307606882338,-12.433470923226707,67.57539440392674,44.64108534887893,-83.92585175544889,24.38539802211352,91.52038049694963,70.33894797098773,47.7353196947675,0.29491832595749656,30.462253303426763,-88.70263105032413,-24.333852138618028,-48.46652145951245,40.67445373345976,6.540868177653408,-93.88039618800977,-94.24658563113022,52.05186475594249,71.7782022232837,-81.36987957667185,34.47197399355076,65.58048085618645,45.45222574101081,63.44004719713382,-46.40966359772154,-75.62982704895944,-27.06750143049497,-5.650912015444632,89.9060486835024,-86.31707955316132,-28.25320077383833,-30.445138608128815,70.72557735093977,83.35460271486406,-65.77951365257428,-93.4772792467211,21.532273056713237,-58.56681771949297,-43.626907819553054,-36.50098103808794,-63.35147752812904,-58.68742899230428,38.18104204822657,-39.01260614749149,52.401752068320576,-5.419856433122931,-11.207607832519969
0.6992929894633448,-35.33391385707678,14.813408668617782,-64.04495776003918,-86.83001408411198,50.76390354176024,-7.440083294293771,40.19846094049166,-86.2896974679198,-94.86990525854277,80.48088104493021,-7.7740523400102575,-44.34046288640441,-80.79275029718103,-34.85220220312175,98.94629267230627,44.03895441360902,34.22912007052386,-72.25400237929871,-29.341579567027594,-12.588889924856048,80.10174227653582,-74.31202046444463,33.40506747885283,-9.046249044764693,-72.45508525196738,84.5986433883802,86.19493505153955,99.19004999334945,-38.8557231156972,59.681247121842915,14.15458211855163,64.85326844173613,-1.2388344581823958,47.11794304176843,31.59406878659675,30.75682361484931,-70.14923602501324,-91.91656852820793,70.62488663787917,-0.4064690419078829,19.566546536828483,-48.054308650587615,5.801314498277236,-38.08807377499668,-27.602338155652646,71.8519869936247,-54.25671401267602,-26.04948097330893,15.605265284634442
-75.17467349701192,-40.553990962474586,56.89455095664292,-66.74573648641204,-6.068576363739481,68.46846508719707,78.48063784643145,-96.10608379677798,-81.46535188456068,-56.2563063212538,82.12912499434978,-73.43237862344287,66.79449410281387,-67.853510760642,-78.71070937308986,-67.71696605630484,-3.547741731884429,-43.39822909348252,-46.68863964909398,37.91101116239841,4.709343160553473,-96.56616246204715,-62.1432250056122,92.49693972113121,-55.00731337219342,43.16565847112349,84.07092956796552,24.55727493676801,-21.947833472022026,-62.1166814716561,-71.84586818568712,-69.54776441542043,-69.29969062383756,3.5676100595089792,30.379219092593928,-32.21568409665947,-9.522363159126385,-95.36587231427629,55.40621437584741,49.56935950933351,9.003243752963314,-15.720354946428984,-97.71921997965687,-17.347554113876,86.31856787419656,10.35066679584331,80.18116753962383,-8.89220624965968,6.272282962847115,-63.28006223856415
-54.833883535055804,-41.621696774566466,-74.62266854962132,-76.93516562126086,-59.221515621281014,98.42540019488834,-2.987369904426032,83.75776791135087,-17.20699036083036,-76.12576930959054,-72.23173852058098,17.418104205900846,81.70106587923277,64.02208434617549,-34.644839026984386,29.315182708455694,-35.000315431843475,-41.355640991542785,-79.98679053268663,83.90999085739827,-68.78635492788825,44.10440478987934,46.95746473546646,-40.79943420011374,32.71917326940823,85.59137456589255,55.85302061672144,38.579351274451795,-75.1141119344262,2.527603119504704,82.08122290708954,-99.33255053808914,31.627021547770113,-25.426424368959005,-22.21750449801074,53.69578584763835,-59.82974628197108,72.97420444194563,-5.625930881280894,80.57525717484248,53.966019587874314,12.50504164911274,-56.57132638176792,53.21005402277251,42.18362328189542,-45.03698326847101,79.58371805197041,59.91717017488406,65.53013917241407,-11.863761883314254
-4.460610880845621,-13.919775314081136,17.73507382950696,95.70198176220742,-30.189660733755773,56.214345698058,-40.77219103211473,-8.136175677361564,-2.720825265818945,83.9758018958463,-17.212574126252676,-69.37850145349364,-69.59855547295496,-44.76129500674053,-3.2205325373851394,62.55124687486796,17.962979342628273,-91.00344993222558,-19.730601469523606,40.95798144067774,1.3290238288788458,82.49930491826086,-32.812328297376595,-49.339568832289004,-91.52854524941863,33.86683477961529,1.4013924791488108,35.660784672423944,-95.31897827996376,19.434602488221458,-43.40567874662935,-97.2916932378878,-78.57324499733292,15.134911268934985,-40.753393459314594,-6.31776891103155,-37.38529495367906,-4.64808947229271,54.57565242380187,90.82103659819236,74.54411991107793,-80.6114677611874,49.41183608046356,34.81742099270846,6.316518697936274,-97.69282127350453,-10.758071580472034,4.493093087076659,-89.90262788598713,-75.57098511176115
-36.40594053801885,67.49535169526058,45.847942960393794,-31.806855377866313,63.75818664259006,-94.56412881016507,-27.292080237048566,-37.19475730759601,-19.74987940519506,-88.63701151539772,64.36684135761476,-64.45272549243435,49.93944070315908,3.8762742895480216,91.51173899768511,28.91242466279502,61.573613299139396,79.39424517301248,26.057747274417693,67.41838711943075,53.40021925120871,-84.83783915448146,-11.756379363948582,-36.784900133913446,-98.88264800815763,86.93510750781388,50.89798425066181,-64.02998837066494,63.386537291581476,62.245627776724376,-3.1624983744262636,98.94149354479836,88.61485073757376,74.81274659029421,-32.03253574904734,16.802591129675235,-25.582526083711727,18.057156911506624,-72.59789661118856,34.710364423596474,-44.18015402483779,-79.96516581939338,-6.589465565419857,45.8295712705588,15.43334574697677,-98.72268171472199,16.295027391802705,-47.84640893327041,-37.30371807906341,-70.84801863825044
41.92398288367542,14.49112887646784,-99.23140885645765,-17.039331404545408,33.85185160939679,2.2238604184118316,-82.5497930234606,-71.09527073458688,-22.029270153717945,-83.77780137273028,79.7463807338614,76.70252848143596,52.73998918691464,-30.707533720395944,61.67865189602301,-73.70907075943916,-58.830825701060306,63.35868547761942,86.4884095744838,-5.208735080995069,48.964089722208456,44.85276941608808,-56.7237100720138,-50.53525548974116,0.5587527788240862,-28.873050916243585,-28.635458780668927,83.15144548223984,-65.4088875450772,7.08625523764799,56.16443736241138,95.74286354403952,-53.8055907371467,-5.649576442788955,-40.55029470113889,31.150087250197373,35.42720107859083,-73.02059047954438,-62.82339790435933,-95.56157367183803,-41.96614931297879,-63.93578776566464,58.98128161905072,25.556271332019364,94.22276848872454,76.45177633953955,23.943533898174337,-4.5685016435055985,97.51107326384405,49.300395351669266
4.487205037057947,-60.043046988785484,80.29302091100368,-55.504326519660616,-99.28916925825482,78.86776669138357,-75.24960949217736,-56.65533825692795,6.827975855999014,43.56762331104335,8.998180410079314,-77.42535171021201,-91.30752357195743,-84.02597598133934,-10.114472785472799,-32.35090027657384,76.7874414366978,61.25824764715307,-51.196982347881374,-68.96613229118628,28.07247215492623,76.04388439391317,31.23008072582749,-88.81869279451959,85.13856740098166,36.12582203510274,5.723288508552187,-79.97162257250372,57.784088796503994,87.85095393767202,47.84890354185271,21.767280282139055,25.72042451232504,66.21190105979485,84.55135712248142,81.80950209254283,-14.345723673553195,44.87336844558291,18.087425490511208,-34.06370669800414,-81.85893228943539,-79.1272396140005,48.9684478922905,85.75228756381173,-39.07105769510038,17.63204242509886,94.53621362724743,86.87143685750237,66.37821288203187,96.60439658985348
42.64719152386547,-98.54840521125364,76.357133646801,-76.08013612703255,74.8418031765986,91.73250958562863,20.733308203659064,-84.1945878217204,-72.66848966901199,-8.491691082614224,2.3036429866969,99.15071383543003,-62.093537899326876,17.265008567146907,-91.929464745735,38.137841642553525,68.7764683459649,52.44294632209119,-29.686841761496026,22.393515530279174,21.135267112817033,-20.831628374925756,-90.73388698345397,-31.605084194478295,69.13636856042496,20.174749033268725,-71.93874633830772,-6.026409004338845,-71.46939907114651,-14.895546912816556,-75.65508492130142,-26.621843621189626,31.6840956013651,-71.00747691156735,40.11954702298638,62.14508661926743,-43.11534761752136,93.1890970091205,-2.600682344594915,16.192807820689993,-62.429707528384924,-85.91165446552776,34.49724065876114,-10.504668903113725,-32.824154643525546,47.321979693529954,-84.42537467863052,-9.142162243586966,-58.76775081441614,17.21720263127871
-71.64149890505078,-1.8289894825303463,27.271159447474318,-60.96257628274475,-16.45180875451014,-87.71089161150954,-59.57933206871316,34.130341031025694,3.5572715403441038,-64.2448065486603,75.39549618315564,-56.982182022209415,95.23181943348078,-58.099059111502214,-45.348001439098425,-80.48143373133492,-83.60863339498532,34.52722540064991,-22.85142083836456,-46.425304425732186,-11.351192370724576,-43.11649030134601,80.23427442080225,25.53084552747032,13.700002019040298,-13.799199008066381,-21.433884989945184,10.279653322100188,-85.9914306531566,57.063614123284054,-92.33571284796514,-0.16394674063488424,8.049033421676398,60.76083012500524,-57.3960007096495,-30.618750163975335,-6.900327617132902,-28.14584101021336,20.188813275953677,-87.34653754154773,93.75189605007651,0.24043303239156444,47.43114471934669,-31.860313671701547,-50.19501028491777,81.38008201360108,-36.37139237737903,-74.92066547099844,-57.986550403408124,-58.012565688755814
99.3444985443412,-53.6759485815485,94.78636307685858,32.504925301625775,-69.04578603316611,73.75063225192889,61.02624462725501,-41.42221759278417,-8.773513923534423,-73.1008585489942,-54.28566212245474,63.60344907807266,-69.55867972514127,-71.43516675271508,48.22199274732827,-44.38136960673782,91.93074455724613,-99.2909296530067,-47.99804464259403,-16.73207536438204,-22.22239305377778,-45.43434092186367,-55.32856180615693,31.574610117610348,79.9816226318938,-19.886683956532835,67.73917416471485,-26.476352020669978,14.232476949737688,-4.5946217545840256,20.577559327231683,-46.40391829601438,-82.98652159725887,14.268789530500186,26.13764526929326,55.770179347908964,-28.919398231318283,-37.1340758062247,72.10927804288636,-32.85576006823527,44.08583517854942,-82.84153565639083,-40.942421778233594,-9.554238736857215,99.69919737034206,-20.7914265697476,-15.200409337208853,-64.46343459898169,56.70005757677987,91.00150540686195
-68.39417506226755,23.713851257817822,14.453392880366849,46.88028756169362,97.3771551091788,32.16607265008852,70.29203357269361,-84.06820953038701,-48.898546247446184,-46.59990375645504,-57.69084359531635,79.41894003923707,38.25038780754167,-79.10270391457858,79.35536793653489,-38.802458583604206,36.73426188210115,-86.16786004235647,98.041300514809,-33.229788229192934,62.654041374817325,16.195559753084623,-65.02718206771436,22.824217133128883,13.114721576224113,28.94737417809688,-37.50103561124274,-61.161664439839235,59.948079414730614,-69.03604738385332,-8.6412595477791,-53.005730998595205,-73.22062314889325,11.33675683370079,26.204377001698376,-32.27523196500816,50.62489580792149,63.68666911026054,50.268135083300535,-64.8504399613731,-82.07079787905936,27.07915582055307,-15.137902984079929,66.07470099949856,80.58939091275218,64.64613597013133,84.58206543177738,-22.540122941325365,-35.18462962353897,6.899572693852633
-16.317084951477085,10.379427053104422,27.333023601674995,1.7346693328418752,-52.31807041170904,-35.24160443029318,-54.57901994163783,93.43605855917318,73.90437429490828,-55.02835054602235,48.24413791992626,-69.35084100390083,77.30595615248143,-68.51920743274466,-1.9853911663469717,-1.168701480754038,36.75405911794101,-22.420486250421476,61.123838703429044,-37.114499425310996,-11.38514344036767,69.14302668873151,-98.50388190701267,49.75484910808811,29.6268709238621,78.06884281369429,5.310550190678384,22.011508003943334,-55.49433682854008,56.742484934843475,27.868166414153947,-83.58836869648792,10.819580897392626,0.43872450585425327,37.14150559859655,-18.08003525743716,35.61171756798595,-56.63847030995435,-57.75049555966281,-64.0520617479308,30.828585256340546,17.124587314948897,-65.02234739142799,6.231585176856896,21.544990282894204,83.83173145219831,-76.69855520074684,7.0657924412293625,72.12873191052796,-58.762895867369735
-91.44596102274679,-38.0918968810056,41.91485514870135,87.75452101776122,-82.47818974975942,68.17747732596504,98.44299389305735,38.05099615920645,-19.630106744432553,63.49340417371283,-45.97696508229667,-63.95276934776539,-22.313962930507273,-37.82247670851431,44.91107905848787,78.08662240524046,98.1986739777995,-67.21565665441989,-45.05269554348501,63.74237977707,41.434230627449296,-22.143832495758247,-89.23005358072305,-22.534533182677592,76.0165527333688,-86.5816309579672,57.27340753740279,-61.80294345427557,20.517157703853655,-99.1314504671005,-13.786787912728272,-60.515674274142974,-31.19916305276584,-73.90231766393882,58.75529931555508,46.56781922741885,20.55221987026998,40.92398932183045,81.00450593140238,2.1674273744099537,-1.036788406666318,-9.953542601710438,15.82242488050909,-36.69534357083955,48.14687837748238,41.56857292555267,-1.3936490789253924,-97.91553451338496,-44.816675018409114,-92.99984346410682
20.224450997925032,47.206260687194685,-71.07017161074427,6.463594300799343,1.7430925744106531,-56.402521590883104,85.23865446118083,59.649656524297285,-44.31937694456698,21.25351475758896,-69.22837517143643,82.59787046854174,-55.344910235866095,69.86455914492612,45.95766332832048,-20.77346884049463,84.58588756621575,77.30791299223225,82.28163609101341,-28.359189803795857,-85.40099138466006,-91.97508661120655,-28.12296667834579,90.60077962924439,89.81267205325742,-11.481785154494787,-32.22553853919989,-88.30708248253742,-47.57985198603336,53.77023702103378,-72.33062296609273,-75.44916642477816,68.07305025522805,38.35071946389186,3.0932967741764514,-95.97001212028961,-34.202648484803746,18.744921555037905,-86.34606540815813,72.91998283030449,-33.71334523845802,91.74648864784172,41.89925619047813,-14.377934674595892,-68.26289167770703,33.84423412043736,54.3542207360079,73.8419703131197,-87.92910543204955,-86.22391558675618
-17.460526457477982,86.15395244096632,50.54585512501589,95.16900503602949,-90.31196686676846,-65.34068623750412,13.672727309700633,-73.85481081388119,-56.8398839836167,43.14028818744757,22.16393798854783,-23.47775000485923,-0.08131718525137899,-31.805717125602257,-98.51509271604297,-89.02993271655663,3.4448147493278327,-74.57324605869908,77.52365419715485,-14.333282549205052,-38.951614253128916,18.389838476208013,-16.686898902324245,-54.901984085345944,-16.32758738357569,31.28593201818606,64.04842399098399,48.24562953888244,46.92112460992857,-65.4961195337373,90.7624429557161,-20.106962169825792,1.5509474159846661,3.5774497873014752,-33.08569894748361,-19.55853680697446,80.62184797599545,-12.101347568921625,-50.64721195174049,-98.18710653741675,93.82302133006232,30.167568857359896,78.5923028335774,50.69905314177859,-42.42382142518253,-72.27822707832445,40.41151451657362,-34.54272260972242,-84.44523646216446,60.47258028824831
50.8788786782454,-77.6567424822075,-22.31951589952574,-40.52381271281278,46.90946597387938,-61.06228798091002,58.285261882198455,-59.663019566864776,-55.835568357594866,-11.763233251965417,81.1374198438391,-39.053733392588505,-51.88535245901622,-11.777218761901722,84.42893249071179,-55.48827048721772,89.98799078659542,15.254251009125369,96.83609841211856,-83.42391874234629,94.73856540936319,39.108774341783686,-60.32997911544318,-45.697158663835765,97.0820935331966,25.643244153362915,-21.00184880583018,36.67685286406282,-11.839918377277712,5.353689775432869,92.82183082538575,16.02724732567991,19.33940224279067,-31.193037516453572,15.64857196048348,-22.88533933217552,43.67549202723907,-47.92875826481706,35.58073087404327,-44.729739261890586,42.37052484848388,-15.691016534186588,94.90713170426704,36.17573225038345,46.58259449165237,-97.81884018101472,89.51002982069716,-28.715739442147253,11.297954802786009,35.12738454641374
23.605064252813264,82.02825423492473,88.8725407884742,-60.89576795372687,11.060761466523374,-28.748790569095377,11.342276720383126,-83.28465511264835,65.39775110621943,-81.91738949990706,-25.269937920711484,-42.44004440194984,71.13924889424536,-21.370098073051523,-60.7166258559559,-40.08785348902213,99.95331624610589,-90.81152979609463,-69.32889111002166,42.689996057972536,18.332518755978697,57.484908566122954,-32.53287156130544,12.095354297023334,23.047568666056222,-65.87576721911702,-73.03089218625196,-9.543085841254054,-42.090418131136275,45.762646889702296,38.630497162953446,21.508649527332864,33.680525179222656,-78.56649144048242,44.29793093461777,86.98719434895591,-62.527520794310895,-89.41450855690871,62.92055664272996,52.68873477767724,-79.38651005775634,-12.568112868065711,-7.063487632429016,-29.734741871324303,-34.63333391356507,-78.14163965053069,37.664991689794675,22.73838072360401,-15.578400749062098,-69.27686468836913
33.70795490736819,26.080301977159877,-44.586852027197786,16.15065338191117,70.15304859806398,17.12112854757659,-30.2322553825811,64.69069371886408,96.56970184889036,73.78103215939623,-61.02356258885513,97.01352899407786,2.8312237633651023,98.08830657431872,46.58118084631482,-69.94547665531488,-23.58080574311441,5.713319124967271,69.2106554023263,82.29160577534381,-79.62638381288521,-12.246251719550472,-51.57500782702415,36.23076764545877,80.69151446261046,-82.59784126201693,77.514256187891,66.32235230889398,81.97766764288647,5.802340118951193,-54.41388377517961,52.940321607303474,76.7738971078488,71.53027543958166,-59.79573766749375,9.425940958147834,-0.1172075796076939,-51.86676866278162,97.00373811628356,-21.65038794779521,-14.623099492114932,-56.1120815295004,92.63632431205428,30.983364315675743,-41.241818561228285,-51.25320381447367,9.210316724407491,31.000168214150136,-17.7719494673741,-1.2440198695292963
96.25269316004201,-4.822482001620543,87.71073006894113,-89.87686851139233,-13.916560595034738,31.306719539088732,19.897078828385332,-91.64358050056738,30.312178881908807,2.401294524393748,-72.51864275315516,31.44331915521684,-45.372008821294884,-43.42025337899098,-4.328146631284866,-47.77688998380836,-90.28687819351393,51.02468948384768,53.96965565244042,-46.665190096506294,63.54942367227838,-50.27131269268463,-26.831767288603885,72.68605299105084,-75.41506201981791,-75.95771143432641,93.85693802656161,-31.490494132762393,20.97913821920649,29.178191640264572,20.55191705771138,-19.476797739998148,-88.83233319178376,78.26964076082334,47.85424813186822,71.7012098091129,84.50751770028822,9.316509268429058,-98.05981528412819,55.38049396500503,-8.068106848844977,91.09837857025263,-66.02355029917783,-62.430552430151124,-79.95372701056891,-30.988105304129434,87.6916859746049,-81.70318214637014,-85.98353779059755,-48.14569257484298
25.62026691397756,79.0125108488831,95.67296111471819,96.8360427970724,49.41426712527803,83.86555868721007,-72.27108846667065,16.489187952933193,90.70265519546282,-33.65672470753394,-18.489203332881644,-17.204953332664303,-24.344585804705872,60.47820762561045,47.16632800315696,-30.60876399824322,99.58614658134707,-79.30817774638008,9.093319380609614,-13.898036498765066,-4.058386972207018,-78.03211932649052,74.77244201672559,72.92691493798165,41.72822341733092,-45.918053712485765,2.0321146309188407,-48.27160893292577,98.75157842218889,8.583306557709804,-71.392888632053,-47.04644212364948,-9.84114631531952,37.535980792271374,-36.56923106600889,82.68266250375225,-84.49662070238153,-16.38253665064704,22.12257957868738,-98.78682167955768,67.71047171706934,-19.81345684483287,16.630068683770432,-51.27934290658984,71.39092271398263,67.81470595941471,17.850197052910644,45.06241178476097,-64.26038861017184,-19.08567034913095
-14.643426681717983,1.2859780419010036,-28.82263340893654,-65.9950105649662,-80.28766101009646,22.933140531533198,82.09616922186675,-74.5524141153789,76.89104790033596,11.246573540001322,-83.0521168386787,-32.7578748789569,-58.033273873913814,62.014847313865516,-88.1050820202631,93.39404128127885,-20.36256508335414,68.55081152281082,39.75648414039813,43.371339003237324,34.470595652054726,-89.59912717177599,-14.674175844198075,30.214045616230834,25.929699953570633,-74.12597982110276,36.91446190258506,-39.143264765307336,-71.17131974040163,-89.1421014342273,-77.41850140684146,-18.759231292028787,85.20323196139805,-28.947735346848006,47.07471932282914,74.79768065128968,80.42734813309298,54.9451330270814,1.3503382857566635,-78.88402478178406,61.33037057377123,-20.058623675706414,-86.71023415821702,76.41971946289573,18.96637028413315,56.02461979064972,-64.8217362690498,-7.3484833141628485,87.95165978214769,81.79369966973155
53.32336409365371,44.76365935282479,-0.2845829272865501,7.506072373961771,-80.84411633837453,-53.441845970595914,-94.69781422514674,11.087699426310095,66.76727487252714,-6.264056010228018,-76.65912653595774,-1.4812292782093124,4.913902303101409,12.6751670718332,94.46558888118491,-37.12328787708914,95.12285666449742,53.80946416991176,-45.39639397384152,-48.374861564494864,14.43950171772741,0.9341934987227205,-20.91190256659867,74.68738974154172,-72.60101588327942,92.40579299945216,89.88162586487493,-16.332005314933156,-47.2253055335123,17.136187825695288,15.43917912213135,-17.522543120123473,45.413467888960355,14.580526283712516,-74.37208149858492,-49.158912482726016,59.681836662853186,-29.265493591800933,-53.57943700225165,57.11214215172609,-62.40322923895418,91.7998313405127,73.68835714421891,35.11341201259299,89.22322144495155,78.59975778459193,13.573543520252173,79.09233672478172,33.674573377490134,37.89650030883311
36.23438636954296,-36.79289001552066,81.45362968994746,-3.794776166372202,-17.91711847093258,16.851907535966745,0.9069146070372511,-96.4184042525281,-41.04699140312076,-72.6119259588811,-57.36508818338657,-4.16865354116085,-67.32944603699357,-1.3387632448466462,89.38438194899297,60.27102133297353,-35.094961077899114,58.36759103804101,8.494771825320129,-5.809053835598661,60.18926974027548,-60.25018873025863,49.86863429299501,67.82065314828444,77.46279519367215,-62.98231374301717,10.012896865165061,-7.147047528083988,-83.41890158888191,-90.18185275996564,-88.20484770738652,41.74821195290937,33.86308635676954,-92.47336270043174,-98.96616124519215,16.88257560261212,-41.47611740211923,-84.31513009886875,-9.13804314731064,-44.26787987657179,92.2396985333053,95.60698876246784,-44.34520711670049,19.08932051214738,-56.634338710025524,-20.48688309111543,-61.70399112788949,3.97386097015972,-48.90788135468862,-92.82992400138271
91.80901861419449,-83.15490984403183,34.92694123081242,-72.31558859377498,44.420009929079555,-51.541813620431334,-78.27438731099821,40.37581740631299,-17.933551265954108,85.09439312937417,75.90214504378906,1.5594499956128658,31.15350040695435,40.78282353340873,71.87377801165132,72.24154110104539,-56.60325299316318,25.847584899010045,85.46474705103466,74.61612154538341,16.91111962978833,-21.803351603709743,65.93566264218026,1.7855245066651548,1.7996070426847837,-63.604117054343725,21.523810483336533,3.400817116019738,-27.86214762571224,-86.76750312971254,3.869586883912973,89.12565148442525,-2.6346700027347225,-64.66275482744487,-28.908971556230895,56.3258261141863,-44.37358454906815,68.88512974761107,-29.575829402750102,78.63880224419896,49.567035699129434,-45.38260665514899,-22.653930750750945,-78.01352540512289,29.7159997434307,-48.07877146022888,-57.043393439312084,79.20241872518307,57.941147899009536,-84.05434530749184
12.544455898419727,18.42031504577264,58.933704409662994,14.185643149005458,9.903231616319076,-93.51846137734864,-73.32152955472648,68.81372794875455,53.96883659625877,61.958897521823985,7.656601558264441,35.92148817258692,-44.27761904255239,6.308492461258524,91.6724783770685,-25.44464141906016,-27.76747291801081,43.00731473604938,-69.45598964969841,-12.099675767936532,76.00214352466054,48.54732802531606,-35.66406101790798,-28.40603876469868,-88.5576757423996,-18.791169943289802,-47.62321899542818,-35.95110196153961,17.007926910674385,-48.64797681062052,10.122711269649614,-55.06990130328007,52.39044921342341,71.35185725293064,13.222399830544035,10.45577451128787,74.90390934864533,-38.778816497629506,-36.619848836755395,-46.186578423991634,-41.55093419576612,-57.9028689150834,-83.45728168667243,93.73763472348392,-57.89057001291575,91.14431262282335,-60.257163728686926,86.26288516004809,19.789788366395584,16.714863756309796
47.30562857259153,-70.45361858548009,-27.10396898782632,-29.832418869274875,64.0737276258638,-81.81007912437116,-77.48714925466145,-43.24040649052705,40.94119789022767,58.89443679933882,58.70874419390819,23.403407237334875,4.922941763602083,-39.38119290445481,-0.23114327026583226,72.97834856696787,83.70211453472623,-4.9272218361681865,-16.25374549988446,88.04007818400393,-95.84250239097048,-43.54692652130905,-90.03159488397756,-66.07828313892743,13.404424042998599,-71.87046882835367,92.00544086166903,20.953121347648178,32.675099766486966,96.0687727329753,-67.8723447080275,-6.936757820852364,-85.72928534236142,-82.0473584659768,-34.22497595863673,-63.13146558390794,-63.94074332807551,21.08747101500616,-25.359885470007598,93.35300595336969,1.882145117733586,17.128647153351622,-41.09968566135609,14.831977674460717,-75.23952614480433,-75.337296462566,-9.954646442024213,29.029047260739134,26.487394556633404,60.75876309349536
-54.60267410830389,67.06918568721667,-84.54773944949862,68.6190545550443,-5.295563198657334,-54.3993178583726,-9.694887112994593,-69.42801986665445,62.302233624628826,-74.90706780471143,85.52442961795086,-3.434630095359097,37.88348469251807,-73.75235586101124,-61.51487622925751,1.9662872148500554,83.32731940856488,46.63436238190246,-52.40916076621311,38.88806623529166,32.47239293200229,-26.653908461978546,15.487889186277968,-55.68505570410252,-37.81205618165118,1.1217571027537048,-6.457585952715476,87.22278740386764,51.72069361155377,-14.1194010540801,-34.86238689962444,2.131648599248166,95.50033105855343,15.653461733269822,-83.76622597789955,-22.278819124772724,55.37877024434778,59.28301702975688,-57.06046200916435,-49.395698700596746,46.75013625450933,78.89661714155102,72.22628674316073,28.96263948903922,56.1701010356696,-52.60810114082057,57.75524406373731,70.40078112957255,92.36890470690668,-26.38760818907906
-5.7363156651327785,32.738575624369986,75.81501967971903,98.08595467739107,47.718446760811105,-97.17471178792334,62.83288687513871,49.95846772275158,53.52508475418068,54.38238663644873,28.758382458693262,79.4374806451097,75.96367213773928,7.014597773983482,-97.15924370641562,58.69155927811428,-94.18548486593903,23.962392439380295,92.81651200785277,40.14615895620298,-98.06818833721638,64.75843247090015,-68.90423538302935,-86.87369401918221,-79.0914401182516,42.267284947238096,11.737169754835875,-99.44750413230854,56.22146046531648,83.74391124487533,15.616435547186242,-81.20240054537173,5.567106525119641,4.0439690448267385,-76.60290395265139,86.79781021726635,31.415104201813392,22.407994741497376,-35.237030845549214,-12.425177189920873,92.76917109103579,-24.91331568381561,49.171933753023865,-30.052083241380913,22.41489282383911,-98.01896260910937,-50.158125849402914,72.97384791690035,-7.4741736921900355,-41.55521110096754
23.642956373492538,55.52333629645392,17.50193938190216,61.88921162662143,-27.19748493741625,-37.27808234120544,16.112728817850282,-32.831683407241144,14.202895854835134,-55.2099528657374,61.876152884884505,-35.98083988255034,21.660485250356288,62.08782668654496,67.33262489330878,71.2415779938193,21.31516890236695,-77.02701617923287,93.50291622468023,14.22145523253866,-16.56398487710655,-69.29711764479623,-25.1106794206202,-95.92752615751156,-43.50829867001713,90.66547596843066,81.84897055089402,-39.29372046608657,-39.51881778599653,-46.81501723912596,97.73670399089784,-75.95820189472393,53.47972490528835,16.33921645938517,41.04000502748079,2.8027079344506944,-85.53766786084142,70.76095059762054,93.10184586201694,-40.33983524478475,-72.6299039885297,72.80423327471505,-16.432559818197362,96.28013537944292,74.41107723105443,-51.82846393370819,-5.195913676052498,2.457115553639852,52.97043663179227,-16.64348530226735
-3.638401301922059,-96.29350768683457,-81.54166584155836,-42.82495310717203,70.60583316400712,96.59414005207395,-93.15242948077396,-93.78806915178164,-43.306352747838005,-16.672191521447502,-20.284744767283883,59.724806033324086,-34.281684129432705,99.43293695845568,70.34668910178237,-32.46245375357488,-89.3807226192452,-14.385948994680817,83.95762294643077,17.64377129959294,-63.270021071491534,-36.85014604869639,-29.57516001198273,-62.93356371735446,54.33797051830177,53.42652665423435,-54.43847986063277,-52.134499777966866,-59.87384877564739,36.558323629636305,-0.7174771764807844,74.5235373075356,-1.4112220105311621,17.155593349721187,62.29492283795341,28.549790592483163,-29.926158480064416,44.88222769434657,95.14170914596974,42.72654439745992,23.23198555741537,-48.04308275640623,64.18186769330543,15.90522637662788,-60.293698563198085,56.550289168672066,-95.39301819672123,-36.29632918703118,-66.48157773036726,25.890150816275565
76.61344626685661,44.57027676371109,10.607388193305837,26.462408740717322,3.7167892887001557,21.114321688804537,9.359228286474035,74.45288999085838,-55.73409267158347,-44.562260136617546,78.25321678863179,11.094193629146005,45.221326996726106,-90.95165772097448,-29.649328413932622,-9.835004704889784,61.38492201453465,31.890180574851456,89.128056663947,-67.4395790996225,-53.46274338947183,-46.204856282782416,-61.62880574002312,39.8215196661703,-72.29690851643802,-20.711898837595967,-47.01364007436681,-85.07644115634862,38.02127450707866,-40.531593796781415,-75.08177926915447,5.952263933101861,87.08022246111909,5.784022015060387,-76.61193412208257,-55.607150512469936,-91.38672958636802,-81.37673958141059,-4.022924380995278,-1.6411161681939177,27.431814900909174,33.08426127436363,46.64738273290081,50.558714283135174,-41.16656331852637,-46.026050242723684,18.937460453415426,-68.37527481030588,-41.65769178944287,-4.146726986318157
25.23801672328736,-78.03524070562645,-85.57364478787446,-65.22909672587505,74.98045595104941,59.77417872651526,87.00173014012998,-75.9448115411318,91.76777906279113,62.029274799727744,-94.88283584617534,-56.16057251530151,23.54740848625039,-75.8445834492288,17.4019826366617,-61.99376457900843,69.53468187541984,40.56829697476283,-93.85584217986747,13.164982190308066,24.64680453755534,-17.32709962181376,-92.62921850483721,24.489498185447545,21.816623914397823,-82.51388810670552,-67.84051891022023,-18.015120632163885,-55.48874315402623,-17.9498548033272,29.587812178899753,-18.520121607562018,-66.0788453994529,-36.27712844079103,94.28697552489368,-17.662589005699743,-9.983151736922565,38.95140791770737,-20.40432583243181,20.308846762489452,7.979839656392926,-49.56219302591356,50.72676595817401,32.96659148531975,26.458445285743608,54.1993388548176,0.9802495929000656,-18.474152286916933,-70.59299935370888,9.74488762584383
-59.847614105797796,-42.232684837178944,-33.92977396015414,58.88494797051723,61.15346107840429,-43.29444881177438,93.64790702005217,73.07130665959204,19.80487359440353,-42.29020202522731,56.56913918620165,46.463748091419575,-44.195629542693716,-66.72451601938658,41.11502111107845,-24.962606593658805,-36.79428869730095,-85.4564199891908,-44.25021199134167,-35.12307901373846,43.58439169377161,-85.19869307670874,40.48389930960059,34.64018510374564,91.85802902474506,41.72285211056078,5.983722926638208,-43.05298294038988,28.87897966666705,43.34674772184235,-21.203300506497285,-93.80623642588696,41.14866294589456,-97.57944457071406,-13.043601423054525,-56.59155695963711,96.55364325921875,27.46931990111132,4.051910135050505,-98.45509146940283,85.82230705962908,60.45407636785583,-89.71209563446968,-42.58288003039061,79.381542297392,-94.86753414737103,-3.746453419146917,-30.41843240558903,-59.70626217685526,94.73899248960942
-5.616435540003195,-36.90699240988127,-77.85782127288252,56.242262123195815,50.752784760251046,59.52915199241784,-98.34519581483852,-6.78117101084041,84.41648319114796,64.45531833323648,-62.364563355181765,-36.87020426665741,-6.545185742360047,-80.32154334965236,30.070975308729686,22.16255799426044,73.05147620372102,-27.065876474128586,-25.118707994975125,-47.79307740743879,73.83293624022073,27.604651591067622,93.83525476609259,-27.958629604428737,-19.436515912808176,38.936473166220594,-51.86095119027527,-25.708294353520017,-74.99290554722307,33.7626805679769,-7.555376109113126,-93.95757648260829,-42.68561330069027,55.84850942666796,80.19199888221357,27.58613556451384,34.96773476365965,-27.49473345995652,28.237360007377674,-98.49499817547131,15.420263349809588,-82.42721750374727,-44.25550360999242,63.02236424887343,40.26453582320511,-12.407981062565312,-4.347012872924367,72.42154238525481,63.982372198112785,-25.419603534356455
-79.45201228544349,-10.242109561199086,88.42318351565791,-11.389790731754275,-98.00306030329573,-90.55085542164795,15.088226505610677,-52.412219639330985,-75.83128642130234,-12.08222607458383,-76.04020983967473,-63.475078658531544,-94.87462289755442,70.4125217205193,-81.83950767620397,85.47390401371979,19.529926802589898,-46.31904670923732,89.04000714223864,30.776007918073077,16.154344601164112,-38.49564003385908,57.50594903549117,-7.447508386460598,-49.901989202586705,9.26990410086799,60.656351828045985,-76.10728628697949,-24.94010175043175,90.7686702927657,7.628080649979793,35.89488472956026,-87.80981016032567,24.03909422315236,-48.92424098755013,-74.88145843291822,10.426882653352607,-89.70513730509298,74.8869356627346,-57.66172846175874,10.927360951117876,88.56976919795378,17.085765496526875,-25.327814400196218,-42.434076487729214,-83.16306809816834,-58.794655734210565,-11.72829642656437,19.413854579953565,38.53621059611493
-17.625365771468736,-49.84458681597101,27.01548352367446,38.95533886362114,-52.53985115533466,-99.8378681150957,-51.39672238688186,-84.80123872926521,-33.02141930148248,-5.411287369932907,98.78809452446251,-72.53148438458928,41.6222352603574,-29.008716309944887,12.284414725945098,-4.343663997849376,-6.863750060168414,82.00718575271594,84.50006870687113,44.92590022396027,58.508555069281186,-74.2197358738532,70.54468659300778,-45.161765481184425,12.161314227583603,-82.61285158450214,-11.254730648283015,-64.34880154741845,13.339014539250527,-95.63247241090609,-43.400104275692584,-52.51151586127947,-1.0963066425537562,-84.50186916769272,70.55143341963122,92.68770506775357,59.24511523958705,-2.2493305534541577,-9.426583637354,6.803476241502395,-90.14779769154686,-80.73279588183648,42.39427022319978,-3.773756692925616,22.59588789242943,78.59196115534516,-27.20533729480678,-92.24759651408793,-41.68984616412536,55.44924123367525
87.17617130488705,-63.273938039424074,42.2291461572392,-10.675366507414225,65.03401299551015,-41.39249139967862,52.64441190867825,79.94930374986245,-71.39288174322459,-18.60601175354435,-98.86883707776069,66.19056536186014,26.791247446871736,-86.50984070150898,98.1806468737469,-17.336983671067358,83.09528482853324,-93.55272584159762,27.950106832942367,48.53711070496149,64.05631269728576,72.95963161306221,-73.042362820815,-95.56970325419168,43.603450159987034,30.310749633647845,-52.38534322605408,76.07528866885676,-26.078017146303438,90.7526924452111,-35.04952562410446,-5.747910402280269,-62.06226797031218,72.01443012132853,73.49298032074051,70.6943801317723,-99.95477009242147,-44.888564336965445,-84.26408203903163,-14.864496469721544,-53.38045552842969,22.75590641347489,87.05588639622187,5.1354510109141245,-95.97222139088444,69.76417200400243,29.146167414988014,78.45970156110849,-97.63268541443269,67.76333456392814
78.2504709234156,-97.86258769568101,90.83248719569272,30.701402044218952,-50.20954359197529,39.146509466560474,63.37043119014413,-46.88729570070973,-74.28175245840158,94.39222075201258,-72.29688654263077,-46.789206920351425,9.883305712702082,-20.878217198064505,-90.21910820014503,-94.58880501306707,-55.88669308453076,-69.64371183256523,-25.297152839172355,-61.003565800872025,-19.567635380890664,21.492863208468393,-3.871709883178781,39.83829759601764,83.50338734286123,-81.64734055845769,13.367245533401942,32.24653212538243,-59.340415384704,-1.9719394377093238,-43.55328423051119,84.54065883097942,-25.717049531112252,40.52424209349394,-41.1068673809116,1.658188344364973,85.21982218568684,-50.852541178777045,18.393993918170068,-88.32510527800564,81.13656751791987,-64.49998032909141,92.86214073386228,-93.98460248628713,-72.74333213415298,11.306745119576902,86.38242483495208,-40.31022056610691,-99.59679970708864,91.84625818180837
-17.523287567019736,27.936066209326142,49.397298037428016,66.10387718599756,74.94253409825669,-73.71131107580203,-83.76918386575507,27.721294147139147,45.79252393308525,90.41843659872688,-85.88653570463045,-16.12625403523502,54.25953229831998,75.2665468051342,67.16614292728016,-85.59984849179236,84.84807731173203,20.34325310168981,23.16235018232642,-76.86533212882019,-46.78105846376723,-51.12599961826605,-11.846936042640095,-42.383649673152625,-89.10840921582708,93.80090781645814,30.79415535702705,-11.398137155195926,-73.74305795163447,-84.10529569197797,-18.24757905899814,-71.48403850249605,-76.26168911506639,14.969258481335373,34.62850417540977,-69.13840625971636,30.819662353676563,37.16931257524138,90.28565839530191,-32.85047725200161,56.4225739025016,-17.22354984575236,27.37033375249993,35.29957215261493,49.03964020484716,-47.95042809020573,39.437650859233145,-66.84341515421116,-33.58884771302813,13.359603600166565
-80.31759358141251,88.20807426361645,-8.410988509736782,42.850516162139826,-72.42387735422848,-70.59746534787348,97.35125723151964,68.84845366523427,84.80752148538184,14.468861671381347,33.70514042855254,42.84635679550897,-32.79005230364976,82.42989173776115,14.847442465848388,-56.624582738123806,-32.76523121784561,-59.14493870636728,-82.5807411344343,33.83556948281347,36.79361229505986,-21.05410211677365,9.080583291546802,7.597651274954927,-23.526117739811838,-34.68552493431969,49.59773700766681,-26.131154209673696,-12.22725943431972,-60.844852750641756,4.727671367200159,38.323358098399154,-22.28874494237904,-9.519368761188346,-70.17723033936518,68.48235678648186,-48.916127224529184,36.994485815779655,12.918408069777328,-83.58027741001739,15.740809738412722,68.78303237382775,13.527125137192499,-12.245547036272725,48.43526833171282,-19.876746175982206,76.42679418931291,-40.422427541839554,-46.76292397699417,58.91522553816861
22.209366400425125,-87.49122696412095,72.55953413561349,23.843106511299766,-64.94132039104844,95.31551693862306,-26.92658277415714,72.84836002123774,-39.181717693834095,-61.43624087117283,-9.376207488631081,40.125075337948545,13.141802209715564,-93.23137203626676,-20.416579701935007,80.32232127077131,-18.01587556985973,-82.50659828986728,33.92124285014711,85.35546149855372,-37.154576807659765,40.468103533215356,68.86226584140823,-77.81292757233282,55.233969557318574,88.72340517025708,12.884466697987634,-99.00211633367684,79.29128923008682,-43.835729836426694,-63.53743292695873,92.0625310973686,-16.213288619605407,97.43098234924136,-69.43862823657108,77.13312004915738,72.2952048729455,-96.72508847493133,-53.85905647186951,-57.493041156260325,2.9532601812358763,-23.41705569322889,-2.711928900855213,25.580329334654166,-50.60939282487355,95.95428297695236,-38.04607773943103,79.269897782773,53.42761708564038,-63.241750520767056
68.55870308533738,-9.833911273393767,31.54007318251442,69.17873880354713,-20.104596236411737,88.22683724254924,37.38945389007239,46.240100017033,69.85302849357743,-65.05069341683867,-90.21009194400202,97.85723404990273,-78.05751418690406,88.92677972914396,49.599818456713024,13.359038544417444,-39.446516978633284,9.296995676107088,-35.41420230109205,16.999691453230852,93.44585867982505,-54.31498791350522,68.36876271173719,99.73804716690685,47.05152501656357,-76.12232958797975,-18.71532160345737,-50.42759725792867,65.06256432721543,-77.25606133151803,-55.86019240194442,-19.30596368025317,33.66821339451707,36.406551416533404,52.032971408492216,7.866800377554867,-98.25649068338693,-26.13048397299933,35.09627325563895,-96.01025826734588,-35.18067916053573,-43.40123961536819,-36.80031897612774,51.73952202900068,21.527558540819157,-60.618277331077785,-47.89456103862795,68.95870428215562,4.0595798594876555,57.700496033374606
54.52524523797891,-89.97580810574675,-68.83737448478662,80.30579995015981,38.72442888472801,-95.71644274594246,-85.89558395526353,-31.583095658851022,-71.23108243967789,-39.26564393400764,-81.41708347562277,55.7689744509247,-83.59034223536304,27.056602419735356,-7.168926463219847,-45.857398585387685,-33.593613878463444,37.17858217160543,-6.6055517583205585,17.544424808708527,68.04069287060571,32.35274480338256,97.87840913413237,-91.39900747609373,-87.39387070047505,83.17736174372942,-29.106121770505283,27.968499611784694,48.9127186370651,-14.48664651718046,42.82707196409007,-11.024929308009888,-41.02182839478547,49.651189684857655,-1.0555357839425028,-63.1822970961506,97.95525086277598,-2.9165664942270837,39.93996458462681,-56.280488982824274,50.04544863256501,81.90174601043753,-35.39664676919574,26.62379461169111,10.452061128435815,-54.91115124004256,-69.2583444021565,-55.38657242049856,-79.13180945335891,-96.92380963465878
-8.072912652971837,-2.3093116191977145,97.16204749679557,95.01230295194344,-71.04567052655261,51.2831525036284,-42.65227029118628,56.23468557173669,-70.94586771885972,0.05090939064622546,-88.19553020403438,19.441068997282017,-28.292438417423554,-20.956704976416816,-87.01768969067078,51.67555008461375,6.268296387109416,13.6923252116718,24.17866687981416,35.2308658506835,80.7876622877688,-20.25348007932402,-32.10117825928039,-52.24631033194633,-43.89726854553495,-64.57969853950362,48.20591158177655,41.016475497248194,-86.77504482551393,9.839596155699198,20.455986476692445,-9.018775777974497,-49.19446610713835,-34.42655851853162,85.61408029504986,-33.119862575137105,74.70665070676506,75.66792924206447,3.8188737019900287,-69.0146973703561,-46.14684784121932,99.5726120326008,-61.699084402999006,-0.14376842198491602,39.72550426142482,23.62077426537968,-63.5422244326054,95.2971199793372,-37.92544312015114,-67.38074212276983
22.992538037316265,44.285171516652355,94.28974843767739,51.44564940758022,16.341958967891216,43.012673020340486,-97.39177770698075,38.83681730121225,-85.96044907822416,-65.43782521880621,-51.865961213960766,81.37219975060833,-22.904659766236406,-90.43696466152585,89.97063829144923,49.07303149630178,83.62987012123565,94.4407302562343,38.55552305686439,82.73718455599217,45.20673704327905,41.9586558991559,73.60754793151511,-35.81703752959848,-77.73088098048042,-79.92136258903798,16.11282103730605,-37.33576794229685,87.15937500704095,88.97748657506591,-44.058621959682974,-28.279225271138046,0.17363274724174005,-30.342691408066244,17.545154623211417,-74.70609879842793,-64.9638917405807,-67.49051371314255,22.44105464031101,-85.57146276045495,-51.34861646843347,-56.65841138261778,-94.4426005969611,14.511435641067465,-69.0059406021702,51.85927258627825,-69.10303251046723,42.32291545320405,-75.27615130478074,-92.17970487156968
90.02074811357556,74.59208412951227,35.5294046396626,73.41763647029006,-27.963851151906056,-19.58110008162599,0.5891803616164566,-4.3032854783145496,-42.49893482489677,10.551309975074801,26.434729472684552,-16.96114413413457,-47.21209905006714,78.13533231589506,59.115188718400645,7.8159228853525775,99.78292447856742,-65.30701690351182,-47.61956023688603,25.421100404740855,-5.029693451016897,-58.22041243985014,46.704884919952036,-32.68357793020593,70.11774096083928,3.347782779243431,87.14484258474289,-42.80145905364883,-31.338577480642172,-14.29703484809555,69.01722644598368,28.406147644598036,-83.16067630187065,-15.198867246893073,2.198634673205561,-88.39164211893677,1.2140094091966063,-47.64854202123203,51.03693323347284,80.1989191739761,-25.74036931423042,58.97859092774942,17.658043736601044,74.72912137068789,-99.60244916534381,-52.13594088438778,-20.89777877371624,-79.81516628464745,69.53215967855783,24.336497766026
-98.55044945949433,-25.855383844871383,-82.37081884892952,17.907505619688564,41.217506180992814,86.99971203896934,82.68767654475343,-59.601802103512625,4.960272004637332,14.223120259269265,-14.29825333814756,98.97538300354478,-48.60109419643057,26.716209532938606,-58.33353656602427,73.6749320977618,-33.11366086978293,-32.70630604584113,94.07014069813872,3.1960372874719383,72.08330312627646,5.832995385292406,-7.506014269114729,-49.45990621396466,-26.573367410002604,84.55440836225182,56.035513473645864,-31.82312170818045,24.113021780428397,50.41870425367071,16.296319604294737,-33.73286608711,56.90294596499788,12.462709825203106,-80.20527765376127,58.625968380033754,-27.162129224390824,-92.09367483703375,-81.55354713649152,42.68664785615215,72.14396417310334,-37.61027412679978,-74.12928735445698,-95.26435840498995,-1.1079313534382749,8.679004062627513,33.17362895853279,-54.56951661837665,-8.316735430592658,22.666089739501686
48.34040456902514,85.09706666120505,-73.76438621125772,56.40660550411417,-35.36220515503892,69.31124664777758,-48.495951084187716,41.17245101084029,84.18460911597938,2.2811701316376514,88.82818344363574,-58.230763900600714,46.47862807476318,-88.76370362409017,60.72621232592266,86.34872428490365,31.67965266155025,-75.23774864453874,-14.855263963896363,-32.907269956999926,-25.81760170586071,0.4771749366637721,-35.006659587688716,-84.8365048499142,-37.6462040139341,-30.952169919814352,-14.200859705930796,33.98894671694552,56.29465839567652,-10.65686688357215,34.46873036601056,-12.4542467627262,56.77342738615184,12.701275120656263,-39.587607524792915,-20.58785654768866,-9.864016032488038,89.4583700390103,70.85879406239832,-45.752424927375344,-88.27449254643946,-42.20465684545034,-26.463338972659216,51.25259191396091,1.9176239418223275,47.61587625516492,38.0146566984927,44.10346521013054,-41.45960423710531,-58.544801390293564
-22.487052516015723,32.02578557443738,-27.66610313678062,96.74821291692865,51.05692037546788,99.23883870333222,66.8983417871581,-95.02437607102294,41.625193533686314,1.1782351095836816,33.14981156510578,-89.62635282205282,7.240690147923317,59.916665183955786,-18.419880583214706,-72.9816964640114,-8.429479623571922,-38.597782543612084,-77.49754663395017,24.97963589390227,-32.41437602167035,-19.558795081062172,-64.45682775663857,1.3098157071017624,45.72341978926781,39.5203878772069,-14.501007226080162,47.00839352466653,85.79066586332124,40.464658755208205,-97.74789557208574,78.39432772675909,-21.786421257728406,8.444102134796665,35.398440797695145,74.60300988114102,93.47964354068975,36.62577207031214,66.83669954624654,6.953561551563652,71.76011894157784,32.53680570181763,-98.44336478792594,55.05717000351723,-52.43072882068092,15.282818841869968,-55.75540160078971,32.73283248153746,-98.58425739646954,-14.225617734021313
-98.84040178133178,-75.08233703837976,-54.93708538164348,13.767625127739663,-61.29081398506504,33.72853657560114,3.036830187222364,-66.07892889890437,-38.76890025533284,90.79528763064673,-15.789183629177785,-2.500049444611591,-18.55070735646278,-59.61089072011965,82.00121606777867,-47.27064008074713,-48.46000687929457,64.89670626609959,20.554614568103318,54.133695803369704,-34.22926424311761,-59.43200775334003,-26.300908901137987,-50.932217181765594,-97.62377225650305,76.49462942307323,-9.744082250108349,89.98855392397294,27.331427117601834,-66.60413805790857,-18.914962825053337,-25.78099065281532,18.3274140618054,94.45248643661685,-15.77086421881522,80.87741797133933,-44.33395376156035,11.4621492577118,82.44342813931175,79.71717197003886,62.06019696900188,57.62986099352986,-68.90141774287795,-69.94353458794313,23.155714152238076,20.53441006613535,42.346182736991295,12.304469144229387,96.40454149498393,-70.99842233155469
-61.53616126186736,-88.20110009802937,10.783867874363892,84.67413345155137,25.46070554323883,97.23693470793532,-53.89217913339115,11.39763747333555,-73.15969771232213,28.174299215630526,-62.48758874981242,-61.93058009877643,16.411706226603798,-30.914130176385243,-17.92619438607754,-39.38618089777257,-59.659130677098645,-89.29755196539804,-72.9383683539166,52.17774022541826,-68.03945633430952,55.572199412698495,-65.84773196678256,51.75373064606856,-13.722333465986722,-25.216558349748425,-18.056392911921733,45.23881095529663,-42.981826557080495,67.75409302844525,26.450433589051414,13.857127392080798,-82.436717326363,69.13965847734593,-22.81253844389785,56.94215023682585,2.270263182884875,10.713260428125082,61.130201323773235,11.731987477577817,-86.66614750288184,-16.289740390897563,-72.75617365299259,98.16850421361642,-58.89407094428223,27.862668721742963,31.97679355764825,92.85013341541332,-37.51740175210154,-40.62244325910675
-44.326302153948326,63.55957737762776,89.66393517047217,-51.86263124993762,-53.6859597075253,-98.52904769897101,15.154085672862564,62.54042562810497,-73.52443530585316,92.18323733999526,-47.48281391327445,92.65842553812479,-46.12795634896616,-63.13433646822799,-42.672197789114286,-77.86489000823174,-10.981548553155207,-52.22760800126416,27.664298564327197,52.368933066924114,-30.634485074580752,25.918423052247846,-8.470320006469152,19.431946526242115,47.15513487847028,99.6788317473694,8.966031370925265,-51.6735456828894,0.1464752396661737,82.00412500857743,-57.41525387180608,13.611738285493246,-0.9938333967902508,-6.573781607892997,77.56200101944094,-92.28476598521948,76.81681806265351,26.170068762567666,-42.2226022272254,-69.42832381027134,-84.62689649891264,-52.83810236853779,61.60935499118361,84.35819859180992,-76.02575483116216,43.01045292708366,0.2263374839705392,37.8611828272559,53.404472687617755,59.630393132609555
-38.91424851886689,-81.29085367853142,-2.833958172672297,82.22056113311899,60.891083229958895,24.659454187998335,-80.48595121341779,-15.032741731321323,-14.76394934414796,-40.02396125168035,40.59358740136159,87.09188084010265,-11.596662223857464,-48.664216165755136,2.2937707412423123,-52.351960191288406,1.9133201322452322,-70.0737057463865,-67.08600892944449,82.27582083427859,4.542267217238717,-16.57992344249533,74.67000882039505,81.63614381789557,-8.199831355517162,22.89113042906739,47.09261555028769,-66.53607583609984,23.676405860327776,90.27897812716193,24.496072431304583,69.73865306148676,-99.11397706421702,97.00396220359545,-22.732113956105763,12.908592337168031,-53.5529258923767,-94.12423003756543,-95.70265157740168,36.11025400062431,-16.418177723830112,22.15073940278161,66.4295396521315,-15.813107593068949,36.375535503125036,27.51476303202051,7.684389082827536,46.93686655661742,-88.21940648564572,-31.162495766511483
-36.516944916764494,82.1059131837113,-81.26186856917401,-43.227265322781626,79.81020209534279,8.083305823330235,98.45497871741136,-31.489798709097755,2.973698483973706,9.501869552301073,-18.35534166451494,-2.0805976579309657,-90.18666347830025,-76.86041237171703,-69.78070929141799,-98.0654587293648,83.76484753110503,32.93782020572294,-85.1278392317121,-21.30195055075737,31.427762736065887,-24.35783543637588,73.93492064693862,28.600079361724994,-19.61401166122627,60.95433595875693,74.32072374541784,-93.30074640915593,26.89567233017665,39.58247039481523,8.683893392822569,-1.7755608799766094,20.286556065557278,76.39204265930874,53.90931373909689,-8.912820046690427,-62.29821613551805,56.191721108401595,-62.24183207354632,23.654128361462327,56.3873953719893,88.91056456187093,26.26305252639824,74.87631240356322,-89.58893961312846,68.13454685493366,-36.54346106407369,49.1509818324507,-73.9050170155609,40.79367311723573
28.171686256001607,-92.49320679843763,-47.558375305458924,85.39753842119134,-88.46998831837227,69.00852162908228,-35.17525941433534,-31.33184774691769,-93.12310070594503,-76.62380324655828,-42.95910412636501,26.528951324377317,-64.29958675871336,94.19614196784283,40.504179536502335,-58.307129132336485,-4.110643279874154,-16.383755535376793,-88.50939469594714,85.03556693699,14.42664805013942,-61.93605508010131,-57.346313353469135,63.845289054105024,59.5642842523244,-35.03129196585736,49.99844412890363,31.185019366682354,-85.70870743266256,-61.271839314589016,-29.292753593620773,9.36281239165639,56.08983070944004,-75.57488729769702,-69.9928822966063,-36.540113943641316,-73.53232821700506,60.558387967170916,88.14665474367206,-98.9168077083335,9.237861066677922,47.99994268206572,-4.115121133123907,-98.21371012260151,47.40148840361147,-64.04144014351357,-37.90597569720489,-10.94073717745141,-55.93345634746023,66.32402818973142
-56.714057888355086,45.78215906857389,-73.95440065415426,-5.966521889194837,76.29246951618666,63.22376069490829,79.82735725197381,-22.029334383067066,-67.01551734736901,-24.302515659467062,-7.135549373073701,3.6857861535364975,-1.8029445762769285,33.843407219972335,-22.660798585208667,-79.24013219100421,58.57656200651783,-26.348044204680406,-11.804821020830175,88.40166950915085,-94.1046598587741,-1.5493819241105342,9.849875049523703,11.670831767134658,41.03211046379553,95.33297681778697,84.44900913356949,25.540051771318147,-80.95529064836349,-77.84463427981939,-16.5226847755863,-12.990722533515694,-75.30520466784525,18.924663836770435,4.227264076010016,-98.4203659148654,-57.41192437596219,-50.085862543870704,-54.09644968607119,-73.56430729526708,-45.79526038535477,73.96996565185319,59.00207817250359,34.75360980142389,-10.519130107986129,-41.80160823335586,7.4291729265453625,80.52206701374683,3.6712647075761,-37.55217638629953
1.5385763337438334,82.1883965126072,38.397993505131325,-15.351683004782316,32.846928717670494,37.47285453275083,-24.399116586536948,60.36861703956964,-36.185043239434364,42.50272529645318,-6.187073686899723,-42.034319334383376,13.412739770356879,90.21973583030172,97.91745522477424,-80.1584607244775,-56.67767707044567,53.683765618313146,0.029719143936702608,58.53783036195952,-2.207222826128529,0.8382108780960067,60.35725071718625,-44.23361863125723,-76.48947875777785,-14.206666814056518,16.63693585208223,76.28279105136826,8.760671737761868,65.2626533156591,-89.93845726853127,-48.880071888053436,-65.51657930398558,-22.962310703778527,-73.7235666233383,70.50930203025302,-13.463372035983127,59.44852122913409,-55.62238968227879,61.16351540370164,40.76342930005646,7.064767366589592,-29.077660383331704,12.479246586246191,94.27901867334015,-96.80586731976044,53.246104045992894,89.74148795107388,46.491137708997854,81.00396380903129
52.094786447937935,-98.43971756091132,-91.32584158955407,21.041672763476754,99.68203728635135,-94.15119003673776,-18.57854983990626,32.76840370367856,97.41883540640035,57.169625029186335,-25.979421565598358,97.12450532925698,-35.606489186716786,-5.130530485565529,53.2032733863206,1.2849250023183174,25.9768075218918,-40.68731223011528,77.25156940557954,-71.70931291207702,-33.080268133073346,-80.64690768326561,45.41819907196529,-82.33316709406253,-95.85129782577175,-28.471095634987023,5.2086814266716175,96.580349885483,-3.9881296155928965,82.86120805029378,-78.24030270088961,-74.98721014157098,-57.49339628529948,33.94587888513652,-32.61358224971367,-19.87720403809479,-10.911697749081156,-77.71794937327795,-27.662902348998486,-92.78256018947538,-63.04634307029,18.936618308691223,92.11567193525198,-44.55913876954081,-28.65305777922815,-63.15509016287366,-0.6522254640017024,-55.39231505491023,47.75862013307227,-14.363436066782967
-67.17544256099539,24.09791295434674,83.49535255906838,-49.65691742263145,-99.82641652126323,53.95386742928213,-34.09816477523091,13.024443835045602,36.182813532913315,-69.38859251830803,75.51682114705372,-16.845431790394144,-6.17368301195944,-87.50059952253596,74.59234065906108,50.35227986190094,90.68497629698956,-88.54091465828324,-47.78511199773463,-33.862119860136474,-8.450929630354764,53.35700079129367,-15.288266172135124,11.074767413451596,-35.28721273670949,7.398597960679922,70.89913467369371,62.78924987441573,-81.29795317614898,-10.748896841347303,-87.52868984695617,-4.380081539510286,99.59294626845397,-19.818179677963727,87.44312476967139,-34.6873237410813,54.111667327589174,78.8478445964505,70.06358795933909,81.43428710754696,51.48477779179609,-53.74019161374319,67.82782268715644,34.53194169416963,-42.94869605076956,99.15732047354697,-50.10564382301204,-87.3504892345269,-88.9725862194201,49.543153876914886
-26.04164844293979,25.107107507138153,-72.82355391297943,-1.1727541616972132,-93.92379099881236,-98.91019006445008,-69.1871337991573,58.32721333033609,67.87851578091127,-30.39540972102847,41.57285409098981,83.86201611634044,68.90185875454739,67.62315993833076,-11.632210475343157,65.34339961123962,35.242281143398515,89.90994869728752,77.854723425245,83.83015623722818,48.53905761953615,-85.7162190007461,35.30046660014406,20.138726746259692,22.750713565707088,-29.51199508412563,-41.92202837123862,56.190463457155005,29.689267446055254,-57.93704047876118,59.11260012051076,40.614987223410566,70.69902563954622,92.72695063749907,36.818502475576594,75.1713762090103,11.130694272957072,-88.14485367780378,-23.727143792916095,87.04733248629378,77.74916949202378,-31.73667887857438,-64.37082825668365,93.5670108538084,10.886919742537856,-22.75367253675698,45.99485829227689,38.69832572427677,-56.94303491622772,13.570886735174298
-28.497373845396837,42.68297703776244,-1.303915662267812,-57.56113273798722,17.790393129216795,40.882409297477665,96.6507471521997,-48.593218135153734,82.32777206336218,61.27748773329972,41.187427878428906,-9.454864492216998,46.09026854991609,50.497263503920976,29.589690358660363,-66.21018062997132,9.68942164140114,70.98376442324351,73.49934287256951,58.46696666953662,87.15258395243569,-1.31687607318554,-8.809205763226458,38.71275187283675,-58.6852402387565,-50.087911854189656,30.198922740777903,92.96474263155383,37.59172089010491,-77.84670450284905,-80.32068410208188,66.01910673276612,27.05486748921456,-18.751379268128133,95.82076505284539,-74.11858041322886,27.067656667544398,61.45828343878148,24.718089141290477,-56.777787068234865,49.8145087461468,61.518070791144055,-51.33451671523559,46.13766489089943,71.67128923718232,-85.98040217873377,-8.326513857017886,-79.31101857685579,-14.388787728632153,22.251194846939953
-16.481322781546098,13.752366037860227,56.365957997326745,91.63189341405396,-13.66760949101338,64.4308987668951,-20.079565837824887,-49.75901592600993,-58.770637901609255,36.8957514990378,76.76985998805128,-48.02245961480167,-74.24487084331615,-29.462384118309572,-14.12724826898095,-2.624038492515041,-89.82550340141348,16.582064485274046,-44.14248921011601,23.225319258580626,-81.01532266776638,-78.96778440808225,60.999896214223355,76.48114589940965,-28.603804946167458,-8.297510615180201,-16.447389590581423,-56.13310555437829,63.59984360638609,-80.69146510732499,17.48555696197984,-33.690101900407114,13.419561115683877,60.366104501548136,70.22766224990943,7.430112593380713,-33.58445424093857,-17.665577125065667,1.2062095027471855,11.790992785962828,-94.77066537463025,-44.73692649477703,45.36863002768533,-96.5361500986345,-41.90976660853056,13.424517126858348,-45.266112260803084,-7.77454933451412,-96.05209913987002,-11.424706123155758
-35.05315737455632,-91.36420073255601,-57.50039307979831,57.043118985925815,31.99003338436242,-61.73760864964994,96.44132195506012,-90.23142558291038,-47.170158590918646,77.28981213025759,-77.67718771228633,69.93489556128841,44.16954935044558,15.275337476139867,-52.41430900374873,7.840951746771637,-18.259559801831955,-70.05131419871941,95.46588145542611,-97.21073261327975,72.7733321478031,99.83120520413482,72.1259995843138,-7.323484453669323,91.31223523347165,30.330447676189948,23.95030449886349,6.420663377615355,99.62642893601492,-68.89189118906907,82.16743781773087,42.481403522911194,27.013411338971707,-18.07892202000842,-49.94775849947264,-60.22647061332442,-33.1551002596449,7.6658872665847895,42.39736971758191,32.05429101049472,25.13214854845546,25.642716046751417,-42.07322307587562,51.11937080786916,-88.36128193233128,-37.00535400383627,96.95615206170092,-12.670670525494671,24.663551511984338,31.505266731460807
20.759752707306433,-79.08491224999156,32.57796971956844,-47.048849450078166,-92.4681052377595,-59.67627683561376,-65.38723743060953,17.071618544234312,-55.15268789273651,40.66136496487465,-2.5494331033660558,36.449532360044145,-18.63866013344247,8.29859638208994,-16.691088503637104,-73.91340364440227,-61.92585254270098,-40.87431304030189,-13.645290272878398,-27.350113884203637,36.26072030265013,-98.28839738060626,-9.965511804889985,-96.64167062690635,15.015779520882461,-43.866194554289436,-39.50180974922777,0.19707532854167198,19.816073723975563,49.7602104366635,50.98596672942759,43.445138390725305,-55.05463311729191,48.83530625326341,-52.19173685879208,36.396143774315846,60.07507701820609,6.006005102297365,66.12151205874139,18.97654973266303,-54.25428083074695,-79.41934404625158,73.03908188509632,97.61688839410732,-94.71137630298878,-11.359806934284066,66.65231930715981,-12.384767317941254,-7.757866378501291,-85.39944075358605
-26.275356806081064,-55.56819880645889,59.90365917630214,3.7789449284893806,-76.2159970022738,-6.046301595337283,-18.84002405953757,98.29697117777872,-24.805848681643795,1.936149838366589,8.185671621549886,17.735217800104053,-1.184224883732952,-46.9345718827818,93.38321298012616,45.6921658698914,91.83703290899032,57.49713317505592,17.6629791890621,35.7225042792968,-11.95165621929803,-33.988198382669026,-27.276061189615675,68.92690045748441,12.505540119543753,-84.6415090633093,25.72157778732614,-90.51632622809316,-32.58843731325862,82.38228722217374,21.146052879215873,51.44225891396212,90.40193955606568,93.85414960573962,35.0650426043475,-45.95222814810913,26.53046004305122,49.91884631539895,18.979480452279333,-23.812833079729216,46.11033959794025,-74.900636100555,28.439577555038994,-34.09904994961943,71.7960589029426,-92.71010238216724,61.17658889880221,-60.801355454888096,-96.36215974830873,-59.17014465685588
97.11287587751158,12.375464260442342,14.285010896900928,84.46261999645662,-55.529144939937616,-2.504239376613853,-43.551767056085254,16.206870813556293,-3.4402653706543873,-9.911123689204459,-29.384368435519903,-96.89137569009259,44.05242825118955,71.42744929380038,-78.89159507909058,40.49286367483728,-29.982401958410662,4.700535219330646,41.287732739019646,-92.95226357414197,-24.010923573196678,53.266099073127066,-58.02203807783237,74.63421398541786,-18.541643283385767,63.86999026286085,-26.00209644601344,69.87538864541403,14.122976516917007,-28.917017970526373,36.59097029004187,55.32946632278734,-5.430879264789752,81.35904809499681,-56.85587227216558,-5.67888616777374,49.508290828713456,53.710165663718726,-0.9857920262730886,20.28149653003868,90.93589999985147,-11.917516789079883,-75.00055608347887,3.0594951179058825,-78.71175879249685,74.62912042662467,-11.136088074402053,78.52931968966615,4.176401558676773,-96.27964632934373
-88.10286007435899,-50.048503671144815,0.8605717341638268,16.355952858036787,11.890811846709965,91.52263487387364,82.54084996024798,-47.05177903389905,41.48897681876045,-98.06093770442625,-72.58296717949821,1.8982358528465255,-34.000695620793394,53.351449998503085,-20.980648460298497,-30.074879296954933,-25.11119816193667,-65.80018777038049,-10.774225078883504,-43.674936464180924,-86.25725370893429,-30.828945317799423,-48.53578385478969,-98.57427247109803,52.75855581186315,22.999902994542282,-70.71509804248058,78.53294352252414,26.911437192462046,34.340214294886266,-69.1589153097016,31.302372315880234,-40.51091688486754,-47.736887231085646,-55.11046504863566,65.43396238660165,-46.13135598841917,38.961908442774245,47.921493576334115,-45.083337557078764,-68.12427993804764,-59.77104755377445,-4.409796166970196,72.88154982089691,-69.89458342579698,-0.3612807286640418,-96.3161534615548,21.89636873989909,7.037354074106133,-96.03771317737507
-1.3386399456413187,57.22202088762586,25.63229492386492,59.47675273508534,-70.86232681944749,-73.649272541388,89.35096561633034,-88.0012999514236,-4.034239969241767,-10.63665493375116,10.119402990314796,-69.2170648099291,-70.288507082456,22.515479619108802,-77.74538124066332,57.859029564481745,95.94576998830019,40.989462685597545,-38.23161469032921,-53.21639430704075,-6.367920842223683,48.684826439614994,74.19575639790699,-36.25407538541339,-60.791151596079395,-5.521028195947579,-8.9975710518343,-22.38888663524395,-55.43072769534665,-6.148038071731946,-75.95872143594804,-25.97699543215913,39.078534491762184,38.09647098647309,-98.08851440368547,-3.6472615435932028,-3.8003071126959185,-93.88616864682237,24.146666605668315,43.62489476425202,86.68531888472248,-44.10144522820285,23.5501020615514,99.06907421314742,92.6901948113244,-63.279612965543365,-30.990850155383413,16.539670461614065,-94.8847278882084,53.1407256654698
97.30968510216903,-67.63127666946644,-80.36647311053181,-48.269173520954986,19.378711087646167,-19.483151653316398,-6.001795703177322,-84.3646315184694,79.16409706723408,8.956475676674387,9.234510228169853,0.344460281653582,34.31549463604384,21.5105139242592,-30.14932916454316,-53.84382697868282,59.53566538743425,13.607160143634616,80.11009189998842,86.80857823359491,65.60822238981723,0.22443316064733665,55.66277686105565,75.7656151051932,93.15105902795929,16.902396437835975,-56.30271374328999,-52.81574318480562,52.88560736548297,45.660550508289305,-42.23824332508534,-55.86868167430465,-87.61760307540331,52.602598606604374,-27.272668970594054,-50.871930105958675,78.72223409171687,66.20393829751109,-1.5549175047157178,15.219002624745627,77.34775202921904,14.491886375504023,76.99066434393032,22.406940362893522,53.26774516161484,77.90218091831605,-7.678769995581504,-43.33846814881437,8.28914868780231,96.1491171434053
-32.856478177908116,-90.07556081431223,21.76987317348653,-58.368691419976074,50.95624791340245,63.854813178105786,69.25792387618174,88.34961359003842,3.6699797597350425,-39.08359296309596,-10.68643698658012,-10.320267201415874,-98.91940355459961,-19.295082081017824,-87.76626985661899,54.34601561730008,-84.16944037579535,-1.4868657737394813,92.7918653617688,94.88339472041437,23.036204579832216,-46.95943763120201,-40.81867111444695,34.50044147231722,83.27844924013738,22.92860305511857,-43.82603296569061,-60.89731766481823,8.182904346678896,-87.68385692033722,-53.37556889896737,24.901044533308394,-32.422994169637434,-34.10366826949604,-51.403326100422085,78.42360539883734,57.37552024247296,93.13142698123406,51.646755474875164,8.457454928249248,-74.73567605731373,17.22269346278256,48.92556202405396,66.99581157791252,-94.23802810327703,-86.49075004622027,42.63320038074724,-73.42679662600924,-34.2333178329977,36.92435954925912
-92.52605017708709,-67.42232526519729,36.55858304428014,60.93175355960901,28.00093291959837,-4.23403250316818,-20.439312334589403,66.04659614890866,-34.94856252813095,64.95004793154675,17.36068255263706,99.14736205587349,-92.01292115160471,-99.5187385007495,-32.07828568290097,94.86198117070128,-67.70315399385322,75.62672462056662,-7.299586784418935,59.51752162676104,-39.151196571271754,96.60840886869704,50.71006025913084,57.80305908100328,-91.42074307830865,99.87916979063633,2.1734654523349377,15.374464745508362,61.89974501574855,39.245150482546364,64.37729114235728,-6.760993031062256,69.06849581446002,26.278577558125193,-32.66125867858078,38.79782747497475,9.000926151063027,10.008762295720302,-35.50971851357315,0.8841586582364158,-45.279825463847104,-60.79353316109457,-88.3656574676076,11.366389403222144,-4.466242841928249,-54.04491575252124,13.62168442069185,39.733343455041705,75.56774589597174,-20.029897580529934
-59.209986324642536,-11.717891515090756,39.02950902126619,-53.307666780362936,58.11259835743073,-5.203198237612298,-27.631182916021473,16.241320739202862,17.60418150680701,19.6306579812139,41.479059317561706,-77.57283020174792,-48.475645019737954,97.96895790301633,84.5520672957741,50.99871579011949,16.975112972040236,91.49028070732714,40.75232128953397,61.62817587534559,-57.65355530059717,82.77229655675589,-17.486260814792544,-62.85586838724668,-22.34758083107191,-35.15029674938212,-77.24776338554189,-66.2900418332413,2.0980887067235017,27.017500641283235,69.07082838082613,-80.89727880957842,66.19610489255493,79.5209454957203,-46.23556047509878,93.36789843474696,23.312450076607433,-26.933684899678383,47.24951833510937,15.42499232430714,90.78726233374215,-79.47342708096761,4.199665316682498,19.193589238080918,96.61571179608268,-34.41227214843411,93.13928156328853,-34.981120863745986,64.10806135415396,-87.48041264570176
-52.39473636363216,68.24078172698768,-90.1425061560053,24.742910227573887,-6.621724293214768,-73.1895025987662,-98.63275714790916,-53.238229904539416,74.35961445701,36.81140098853305,80.69699863619383,-3.04629054442141,-41.69881829422146,-49.59165914870785,-90.01374281177488,75.59537634664306,-60.30361948521903,41.356045041109354,-89.23163713697141,60.13652037197011,26.375741139498146,87.33009442925251,-11.164985490850583,-32.19592549514178,81.76845523605297,-77.62893309551633,0.26984600035373774,-68.64493031461677,12.717195762475228,43.40690181461818,-36.55699584003307,90.733508598035,-95.8791785907966,61.73621931504144,-10.79021988332616,-66.41315503257756,-36.3103654101326,-42.6691743290029,-4.511399656713138,-56.66464727462477,-14.646716083189986,17.862051732785815,-67.88656943852398,39.74577403306927,5.171227643387439,-80.44433235450978,2.9202346182126178,-5.804490462962804,71.69823202856554,-97.06094338315509
32.67216492947682,5.68509334382405,69.71921358569878,-16.15803943332716,85.39169178554715,-70.49592754542198,16.665305969300775,-20.698767575750594,32.03728789791518,56.78248244006238,-35.283604479704906,-75.70277418344733,-23.609843700877022,-18.621526827344354,11.272982721361942,55.22359226533672,-89.6549903135824,9.437090903654251,-92.6027891904419,45.556529699834215,49.520946288692244,64.62963882687924,94.1603511436148,-76.90567807339184,-3.4786248033723837,-69.61014462920316,-37.04099196417412,99.40912508588531,-7.314527881725596,-90.78682834556969,7.3994840719025206,-77.84765297034633,89.40126427757895,68.91866767934596,-71.89252177603372,-75.82267906300835,11.67688521220822,51.95783563908273,87.12813693260125,66.25081877111788,-24.771730734691474,-58.49857751759298,93.05446388993494,38.30066571403984,69.98547770441573,0.6983192387349106,-54.270643662298745,-18.99446779069956,-98.29017622222283,98.60002246600536
21.54241681583136,34.35869899178735,-79.8125325875525,7.893711976507305,-70.80033851827693,-37.71617548359827,6.752070949488441,50.28535796289103,10.644385294803314,-37.34002551476217,4.2465261385342075,-12.068375043970647,64.36350276091392,84.45644411095108,-37.15586189087681,83.45417179334598,-29.200328682564148,-18.74681775903568,2.9471854541214526,-47.337788890350076,-40.02290050081647,24.996195151083683,98.768854088112,51.31971501508403,89.8859451916158,94.24464825316693,90.87447365097924,27.013780536686966,67.0601893654073,30.68898940019656,-38.12376712085657,-57.06742300676852,-43.957987348711214,21.30410343149063,60.130796343014595,93.33800774992184,63.777377452553424,-9.059437623115713,-48.09449626620106,-50.245600946834614,-15.044874189775584,-15.856871133014792,-75.83661742522247,6.789321030778964,-82.85732938442237,84.07343439549265,78.52387090877852,18.600720493677585,28.908647977409714,-95.40907997732924
43.821010252975725,-74.41871056998025,-57.91936494295386,35.39921237207008,-66.67850118941416,20.248329269680582,20.20762726889889,50.20181817123813,-90.74500077546918,-83.82836792234416,-50.98496520934424,16.35613356414487,43.77814615738171,35.70538977329227,-47.908151505770746,10.902406911638835,-62.54842895364552,36.22647539283787,58.29480196653009,63.589094926483995,-75.51533978661564,8.441523571464813,-71.32065224014235,-94.01073839922873,-14.924221156951518,-52.84913535495286,-55.72502303115032,92.2698130350787,-35.755715428522166,4.6167748371764645,4.290018648226223,92.68164234886626,30.17072062779974,-62.79792278844154,19.080651858644742,-16.468110365395233,-67.62956080620665,-69.23119730096388,6.106658346158639,64.38815212442378,-35.66961078922306,-58.0267402701528,42.412345108456066,-73.19723433124474,-93.7277052237518,64.89978194510098,97.27492611436378,33.230986584263974,95.18660834930165,4.230950340913168
36.93456171561337,80.30352299729694,-53.60418912275009,-59.54897416559086,-35.894642226497965,49.748877044955634,71.37850908095069,-81.8009555168306,-29.476031999603805,26.743147982544826,-36.68026441711327,-1.5237793283458245,-97.42159801440569,-41.46101228257943,-26.354507734403796,-59.03614150236969,-72.53711583808328,-1.6245097485476379,-69.92026898541799,96.9255869330108,87.54939615896015,-44.582126690073395,-42.14226610799372,-54.84355495750308,-54.41623611877944,-66.01910567523367,-39.46404995636226,-58.02027115448478,25.586092087669044,79.34731969710333,-53.027834598504754,65.70475296560082,53.46821440202376,-69.3272355515131,-93.67296366718578,19.298075986352515,51.96082595760089,54.065519369502084,6.006364955295098,-53.133757515674596,1.1851638072967603,84.47608337869309,83.82702442668077,9.904277705163267,-4.016705022369521,18.131019900925892,27.087300096061128,3.0530490466672404,-49.36518486026487,24.294439735180106
-37.91228486144518,-86.82554137855351,2.5456802932242226,-47.08687766008113,-97.17150245545247,44.77265465408669,-51.25740145793636,1.3028919378708963,-64.2626454739038,-45.158594256102866,73.61366234227219,-18.94593140288474,-9.283050353417096,-42.162258049934856,-28.248284913699464,-45.239450109984894,22.098784060878728,-56.470168051274186,-55.226831340210445,8.951145651464756,-58.75485028753567,-31.23663004222061,-45.598519278870285,-66.90689737299154,-17.224451919090427,17.733582538812925,-54.38158549760341,72.97931571544143,-99.81077247147283,20.766115399675655,-37.38439649571752,25.50665248103911,32.17193887639982,12.20842806135714,19.288411444211135,7.471978230211931,9.978151724366,22.17643212395916,-35.09876048216162,6.084063173213593,-96.59879503891118,-59.84099550656276,84.92547150181034,45.73937178371824,89.10078905628276,-86.83568419014058,-54.860561073940126,82.8064636826953,79.6401417320329,-66.58284681002854
-86.14680411398066,88.84688416088713,63.21963429129204,-92.31600241491584,-68.47963818819622,45.900916750260365,44.10913805704723,29.957554527670624,1.7204904832404537,-45.933306083911084,-61.906959648911084,21.827118238623626,-69.7836990869046,78.8045214123481,-47.279207779962086,33.24127417854942,71.26759630602956,68.67219825112022,-84.19656154583919,95.10785475485568,78.60214245857057,62.07162368258216,62.891694173877454,6.115558547592485,-48.94640117473541,-84.39061396736525,40.833830303337095,-25.029758825036907,-64.41648977326311,2.5301183549877493,97.94329888875833,94.93266161227231,-93.10033311625001,-28.3617954467623,-44.25308488489614,-45.85986664199866,-47.567817103655564,-83.81355596695934,-14.480886091256707,-40.15443454860061,-70.23850713270852,-10.823976058020506,27.461734820913946,47.53358082816962,-18.316982151006542,-40.53759374115242,-8.553245836604773,-58.23372300631971,-41.614215550234654,-84.06927706818439
